TrackerId,eye,Id,currentTime,isTracked,TrackerStatus,rawPupilX,rawPupilY,NoseTipX,NoseTipY,EyeCornerX,EyeCornerY,EyeCornerX_Inner,EyeCornerY_Inner,EyeCornerX_Outer,EyeCornerY_Outer,rectIsTracked,rectX,rectY,rectW,rectH,limbusX,limbusY,limbusX_Inner,limbusY_Inner,limbusX_Outer,limbusY_Outer,pointX,pointY,finalX_EyeRegion,finalY_EyeRegion,finalX_NoseTip,finalY_NoseTip,finalX_EyeCorner,finalY_EyeCorner,finalX_BaseLine,finalY_BaseLine,limbusX_NoseTip,limbusY_NoseTip,limbusX_EyeCorner,limbusY_EyeCorner,isBlinking,baseline_X,baseline_Y,baseline_Ux,baseline_Uy,baseline_Vx,baseline_Vy
5,OD,NaN,0,0,IDLE,790.921951219512,407.175609756098,NaN,NaN,NaN,NaN,NaN,NaN,NaN,NaN,NaN,NaN,NaN,NaN,NaN,NaN,NaN,NaN,NaN,NaN,NaN,NaN,NaN,NaN,NaN,NaN,NaN,NaN,NaN,NaN,NaN,NaN,NaN,NaN,NaN,0,NaN,NaN,NaN,NaN,NaN,NaN
4,OS,NaN,0,0,IDLE,1137.2,377.9,NaN,NaN,NaN,NaN,NaN,NaN,NaN,NaN,NaN,NaN,NaN,NaN,NaN,NaN,NaN,NaN,NaN,NaN,NaN,NaN,NaN,NaN,NaN,NaN,NaN,NaN,NaN,NaN,NaN,NaN,NaN,NaN,NaN,0,NaN,NaN,NaN,NaN,NaN,NaN
5,OD,NaN,0.0333333333333333,0,DETECT,790.433333333333,406.4,NaN,NaN,NaN,NaN,NaN,NaN,NaN,NaN,NaN,NaN,NaN,NaN,NaN,NaN,NaN,NaN,NaN,NaN,NaN,NaN,NaN,NaN,NaN,NaN,NaN,NaN,NaN,NaN,NaN,NaN,NaN,NaN,NaN,0,NaN,NaN,NaN,NaN,NaN,NaN
4,OS,NaN,0.0333333333333333,0,DETECT,1155.15714285714,375.214285714286,NaN,NaN,NaN,NaN,NaN,NaN,NaN,NaN,NaN,NaN,NaN,NaN,NaN,NaN,NaN,NaN,NaN,NaN,NaN,NaN,NaN,NaN,NaN,NaN,NaN,NaN,NaN,NaN,NaN,NaN,NaN,NaN,NaN,0,NaN,NaN,NaN,NaN,NaN,NaN
5,OD,NaN,0.0666666666666667,0,DETECT,789.323809523809,405.695238095238,NaN,NaN,NaN,NaN,NaN,NaN,NaN,NaN,NaN,NaN,NaN,NaN,NaN,NaN,NaN,NaN,NaN,NaN,NaN,NaN,NaN,NaN,NaN,NaN,NaN,NaN,NaN,NaN,NaN,NaN,NaN,NaN,NaN,0,NaN,NaN,NaN,NaN,NaN,NaN
4,OS,NaN,0.0666666666666667,0,DETECT,1125.88095238095,400.585714285714,NaN,NaN,NaN,NaN,NaN,NaN,NaN,NaN,NaN,NaN,NaN,NaN,NaN,NaN,NaN,NaN,NaN,NaN,NaN,NaN,NaN,NaN,NaN,NaN,NaN,NaN,NaN,NaN,NaN,NaN,NaN,NaN,NaN,0,NaN,NaN,NaN,NaN,NaN,NaN
5,OD,NaN,0.1,0,DETECT,787.757142857143,406.942857142857,NaN,NaN,NaN,NaN,NaN,NaN,NaN,NaN,NaN,NaN,NaN,NaN,NaN,NaN,NaN,NaN,NaN,NaN,NaN,NaN,NaN,NaN,NaN,NaN,NaN,NaN,NaN,NaN,NaN,NaN,NaN,NaN,NaN,0,NaN,NaN,NaN,NaN,NaN,NaN
4,OS,NaN,0.1,0,DETECT,1146.7,375.3,NaN,NaN,NaN,NaN,NaN,NaN,NaN,NaN,NaN,NaN,NaN,NaN,NaN,NaN,NaN,NaN,NaN,NaN,NaN,NaN,NaN,NaN,NaN,NaN,NaN,NaN,NaN,NaN,NaN,NaN,NaN,NaN,NaN,0,NaN,NaN,NaN,NaN,NaN,NaN
5,OD,NaN,0.133333333333333,0,DETECT,785.183870967742,407.454838709677,NaN,NaN,NaN,NaN,NaN,NaN,NaN,NaN,NaN,NaN,NaN,NaN,NaN,NaN,NaN,NaN,NaN,NaN,NaN,NaN,NaN,NaN,NaN,NaN,NaN,NaN,NaN,NaN,NaN,NaN,NaN,NaN,NaN,0,NaN,NaN,NaN,NaN,NaN,NaN
4,OS,NaN,0.133333333333333,0,DETECT,1122.27142857143,401.042857142857,NaN,NaN,NaN,NaN,NaN,NaN,NaN,NaN,NaN,NaN,NaN,NaN,NaN,NaN,NaN,NaN,NaN,NaN,NaN,NaN,NaN,NaN,NaN,NaN,NaN,NaN,NaN,NaN,NaN,NaN,NaN,NaN,NaN,0,NaN,NaN,NaN,NaN,NaN,NaN
5,OD,NaN,0.166666666666667,0,DETECT,784.333333333333,407.466666666667,NaN,NaN,NaN,NaN,NaN,NaN,NaN,NaN,NaN,NaN,NaN,NaN,NaN,NaN,NaN,NaN,NaN,NaN,NaN,NaN,NaN,NaN,NaN,NaN,NaN,NaN,NaN,NaN,NaN,NaN,NaN,NaN,NaN,0,NaN,NaN,NaN,NaN,NaN,NaN
4,OS,NaN,0.166666666666667,0,DETECT,1120.53333333333,401.033333333333,NaN,NaN,NaN,NaN,NaN,NaN,NaN,NaN,NaN,NaN,NaN,NaN,NaN,NaN,NaN,NaN,NaN,NaN,NaN,NaN,NaN,NaN,NaN,NaN,NaN,NaN,NaN,NaN,NaN,NaN,NaN,NaN,NaN,0,NaN,NaN,NaN,NaN,NaN,NaN
5,OD,NaN,0.2,0,KLT_INITIALIZE,780.8,408.1,956.5,599.9,NaN,NaN,NaN,NaN,NaN,NaN,NaN,NaN,NaN,NaN,NaN,NaN,NaN,NaN,NaN,NaN,NaN,784.333333333333,407.466666666667,NaN,NaN,172.166666666667,192.433333333333,NaN,NaN,NaN,NaN,NaN,NaN,NaN,NaN,0,NaN,NaN,NaN,NaN,NaN,NaN
4,OS,NaN,0.2,0,DETECT,1117.81481481481,400.87037037037,956.5,599.9,NaN,NaN,NaN,NaN,NaN,NaN,NaN,NaN,NaN,NaN,NaN,NaN,NaN,NaN,NaN,NaN,NaN,NaN,NaN,NaN,NaN,NaN,NaN,NaN,NaN,NaN,NaN,NaN,NaN,NaN,NaN,0,NaN,NaN,NaN,NaN,NaN,NaN
5,OD,NaN,0.233333333333333,1,KLT_TRACK,778.721739130435,408.017391304348,954.590759277344,600.401916503906,NaN,NaN,NaN,NaN,NaN,NaN,NaN,NaN,NaN,NaN,NaN,NaN,NaN,NaN,NaN,NaN,NaN,781.905639648438,407.96337890625,NaN,NaN,172.685119628906,192.438537597656,NaN,NaN,NaN,NaN,NaN,NaN,NaN,NaN,0,NaN,NaN,NaN,NaN,NaN,NaN
4,OS,NaN,0.233333333333333,0,DETECT,1115.4,400.984615384615,954.590759277344,600.401916503906,NaN,NaN,NaN,NaN,NaN,NaN,NaN,NaN,NaN,NaN,NaN,NaN,NaN,NaN,NaN,NaN,NaN,NaN,NaN,NaN,NaN,NaN,NaN,NaN,NaN,NaN,NaN,NaN,NaN,NaN,NaN,0,NaN,NaN,NaN,NaN,NaN,NaN
5,OD,NaN,0.266666666666667,1,KLT_TRACK,776.1,408.6,952.469543457031,600.934020996094,NaN,NaN,NaN,NaN,NaN,NaN,NaN,NaN,NaN,NaN,NaN,NaN,NaN,NaN,NaN,NaN,NaN,779.839294433594,408.516448974609,NaN,NaN,172.630249023438,192.417572021484,NaN,NaN,NaN,NaN,NaN,NaN,NaN,NaN,0,NaN,NaN,NaN,NaN,NaN,NaN
4,OS,NaN,0.266666666666667,0,DETECT,1112.9,401.7,952.469543457031,600.934020996094,NaN,NaN,NaN,NaN,NaN,NaN,NaN,NaN,NaN,NaN,NaN,NaN,NaN,NaN,NaN,NaN,NaN,NaN,NaN,NaN,NaN,NaN,NaN,NaN,NaN,NaN,NaN,NaN,NaN,NaN,NaN,0,NaN,NaN,NaN,NaN,NaN,NaN
5,OD,NaN,0.3,1,KLT_TRACK,773.8,409.3,950.512084960938,601.048950195312,NaN,NaN,NaN,NaN,NaN,NaN,NaN,NaN,NaN,NaN,NaN,NaN,NaN,NaN,NaN,NaN,NaN,778.233703613281,408.986206054688,NaN,NaN,172.278381347656,192.062744140625,NaN,NaN,NaN,NaN,NaN,NaN,NaN,NaN,0,NaN,NaN,NaN,NaN,NaN,NaN
4,OS,NaN,0.3,0,KLT_INITIALIZE,1110.46470588235,401.511764705882,950.512084960938,601.048950195312,NaN,NaN,NaN,NaN,NaN,NaN,NaN,NaN,NaN,NaN,NaN,NaN,NaN,NaN,NaN,NaN,NaN,1112.9,401.7,NaN,NaN,162.387915039063,-199.348950195313,NaN,NaN,NaN,NaN,NaN,NaN,NaN,NaN,0,NaN,NaN,NaN,NaN,NaN,NaN
5,OD,NaN,0.333333333333333,1,KLT_TRACK,772.5,409.7,948.754089355469,601.054626464844,NaN,NaN,NaN,NaN,NaN,NaN,NaN,NaN,NaN,NaN,NaN,NaN,NaN,NaN,NaN,NaN,NaN,776.752746582031,409.006134033203,NaN,NaN,172.001342773438,192.048492431641,NaN,NaN,NaN,NaN,NaN,NaN,NaN,NaN,0,NaN,NaN,NaN,NaN,NaN,NaN
4,OS,NaN,0.333333333333333,1,KLT_TRACK,1119.74814814815,392.114814814815,948.754089355469,601.054626464844,NaN,NaN,NaN,NaN,NaN,NaN,NaN,NaN,NaN,NaN,NaN,NaN,NaN,NaN,NaN,NaN,NaN,1111.89392089844,401.725738525391,NaN,NaN,163.139831542969,-199.328887939453,NaN,NaN,NaN,NaN,NaN,NaN,NaN,NaN,0,NaN,NaN,NaN,NaN,NaN,NaN
5,OD,NaN,0.366666666666667,1,KLT_TRACK,745.133333333333,387.983333333333,947.361572265625,601.216186523438,NaN,NaN,NaN,NaN,NaN,NaN,NaN,NaN,NaN,NaN,NaN,NaN,NaN,NaN,NaN,NaN,NaN,775.984069824219,409.255065917969,NaN,NaN,171.377502441406,191.961120605469,NaN,NaN,NaN,NaN,NaN,NaN,NaN,NaN,0,NaN,NaN,NaN,NaN,NaN,NaN
4,OS,NaN,0.366666666666667,1,KLT_TRACK,1119.6,391.5125,947.361572265625,601.216186523438,NaN,NaN,NaN,NaN,NaN,NaN,NaN,NaN,NaN,NaN,NaN,NaN,NaN,NaN,NaN,NaN,NaN,1111.36059570312,401.9375,NaN,NaN,163.9990234375,-199.278686523438,NaN,NaN,NaN,NaN,NaN,NaN,NaN,NaN,0,NaN,NaN,NaN,NaN,NaN,NaN
5,OD,NaN,0.4,1,KLT_TRACK,772.133333333333,408.933333333333,946.401977539062,601.232971191406,690.3,409.4,NaN,NaN,690.3,409.4,NaN,NaN,NaN,NaN,NaN,732.392586073765,409.277732387809,NaN,NaN,732.392586073765,409.277732387809,732.392586073765,409.277732387809,NaN,NaN,170.926391601562,192.080383300781,85.1755859375,-0.247412109374977,NaN,NaN,NaN,NaN,NaN,NaN,0,NaN,NaN,NaN,NaN,NaN,NaN
4,OS,NaN,0.4,1,KLT_TRACK,1109.9,401.1,946.401977539062,601.232971191406,NaN,NaN,NaN,NaN,NaN,NaN,NaN,NaN,NaN,NaN,NaN,NaN,NaN,NaN,NaN,NaN,NaN,1110.84875488281,402.029418945312,NaN,NaN,164.44677734375,-199.203552246094,NaN,NaN,NaN,NaN,NaN,NaN,NaN,NaN,0,NaN,NaN,NaN,NaN,NaN,NaN
5,OD,NaN,0.433333333333333,1,KLT_TRACK,772.6,409.4,946.346801757812,601.292236328125,NaN,NaN,NaN,NaN,NaN,NaN,NaN,NaN,NaN,NaN,NaN,NaN,NaN,NaN,NaN,NaN,NaN,775.570190429688,409.105621337891,NaN,NaN,170.776611328125,192.186614990234,NaN,NaN,NaN,NaN,214.009391465298,191.955238803597,NaN,NaN,0,NaN,NaN,NaN,NaN,NaN,NaN
4,OS,NaN,0.433333333333333,1,KLT_TRACK,1118.63684210526,392.068421052632,946.346801757812,601.292236328125,NaN,NaN,NaN,NaN,NaN,NaN,NaN,NaN,NaN,NaN,NaN,NaN,NaN,NaN,NaN,NaN,NaN,1110.74133300781,402.167510986328,NaN,NaN,164.39453125,-199.124725341797,NaN,NaN,NaN,NaN,NaN,NaN,NaN,NaN,0,NaN,NaN,NaN,NaN,NaN,NaN
5,OD,NaN,0.466666666666667,1,KLT_TRACK,773.35,409.777777777778,946.551818847656,601.704650878906,NaN,NaN,NaN,NaN,NaN,NaN,NaN,NaN,NaN,NaN,NaN,NaN,NaN,NaN,NaN,NaN,NaN,775.757446289062,409.504913330078,NaN,NaN,170.794372558594,192.199737548828,NaN,NaN,NaN,NaN,NaN,NaN,NaN,NaN,0,946.70849609375,601.867797851562,1,2.77555756156289e-17,0,1
4,OS,NaN,0.466666666666667,1,KLT_TRACK,1110.51935483871,401.01935483871,946.551818847656,601.704650878906,NaN,NaN,NaN,NaN,NaN,NaN,NaN,NaN,NaN,NaN,NaN,NaN,NaN,NaN,NaN,NaN,NaN,1110.99096679688,402.649963378906,NaN,NaN,164.439147949219,-199.0546875,NaN,NaN,NaN,NaN,NaN,NaN,NaN,NaN,0,946.70849609375,601.867797851562,1,2.77555756156289e-17,0,1
5,OD,NaN,0.5,1,KLT_TRACK,744.6,390.2,947.457153320312,602.672729492188,690.1,408.4,NaN,NaN,690.1,408.4,NaN,NaN,NaN,NaN,NaN,731.725514379041,409.223771720097,NaN,NaN,731.725514379041,409.223771720097,731.725514379041,409.223771720097,NaN,NaN,171.132873535156,192.566345214844,86.2242797851562,1.70638427734377,-170.384216308594,191.761413574219,NaN,NaN,NaN,NaN,0,947.579833984375,602.719543457031,0.999997166059566,-0.00238072947603571,0.00238072947603571,0.999997166059565
4,OS,NaN,0.5,1,KLT_TRACK,1110.04444444444,402.818518518519,947.457153320312,602.672729492188,NaN,NaN,NaN,NaN,NaN,NaN,NaN,NaN,NaN,NaN,NaN,NaN,NaN,NaN,NaN,NaN,NaN,1111.41918945312,403.426208496094,NaN,NaN,163.962036132812,-199.246520996094,NaN,NaN,164.710693359375,198.441589355469,NaN,NaN,NaN,NaN,0,947.579833984375,602.719543457031,0.999997166059566,-0.00238072947603571,0.00238072947603571,0.999997166059565
5,OD,NaN,0.533333333333333,1,KLT_TRACK,746,389.9,948.379150390625,603.315185546875,NaN,NaN,NaN,NaN,NaN,NaN,NaN,NaN,NaN,NaN,NaN,NaN,NaN,NaN,NaN,NaN,NaN,777.212280273438,410.763122558594,NaN,NaN,171.166870117188,192.552062988281,NaN,NaN,-169.910074590091,192.361475962254,215.731638941272,193.448957772091,NaN,NaN,0,948.564147949219,603.430847167969,0.999999999919192,1.27127996305543e-05,-1.27127996304988e-05,0.999999999919192
4,OS,NaN,0.533333333333333,1,KLT_TRACK,1111.20540540541,403.597297297297,948.379150390625,603.315185546875,NaN,NaN,NaN,NaN,NaN,NaN,NaN,NaN,NaN,NaN,NaN,NaN,NaN,NaN,NaN,NaN,NaN,1112.34313964844,404.161163330078,NaN,NaN,163.963989257812,-199.154022216797,NaN,NaN,165.235552522951,198.165560565968,NaN,NaN,NaN,NaN,0,948.564147949219,603.430847167969,0.999999999919192,1.27127996305543e-05,-1.27127996304988e-05,0.999999999919192
5,OD,NaN,0.566666666666667,1,KLT_TRACK,774.548148148148,411.555555555556,948.705200195312,603.584594726562,NaN,NaN,NaN,NaN,NaN,NaN,NaN,NaN,NaN,NaN,NaN,NaN,NaN,NaN,NaN,NaN,NaN,777.500305175781,410.853363037109,NaN,NaN,171.204895019531,192.731231689453,NaN,NaN,-171.066290958583,192.57530941494,NaN,NaN,NaN,NaN,0,948.773315429688,603.672729492188,0.999999724338852,-0.00074251075514592,0.000742510755145892,0.999999724338852
4,OS,NaN,0.566666666666667,1,KLT_TRACK,1112,403.957142857143,948.705200195312,603.584594726562,NaN,NaN,NaN,NaN,NaN,NaN,NaN,NaN,NaN,NaN,NaN,NaN,NaN,NaN,NaN,NaN,NaN,1112.92626953125,404.417297363281,NaN,NaN,164.221069335938,-199.167297363281,NaN,NaN,164.359591549367,199.015639291324,NaN,NaN,NaN,NaN,0,948.773315429688,603.672729492188,0.999999724338852,-0.00074251075514592,0.000742510755145892,0.999999724338852
5,OD,NaN,0.6,1,KLT_TRACK,745.295081967213,386.849180327869,948.825073242188,603.770568847656,NaN,NaN,NaN,NaN,NaN,NaN,NaN,NaN,NaN,NaN,NaN,NaN,NaN,NaN,NaN,NaN,NaN,777.6572265625,411.250274658203,NaN,NaN,171.167846679688,192.520294189453,NaN,NaN,-170.973165954884,192.549457326952,NaN,NaN,NaN,NaN,0,948.836608886719,603.858764648438,0.999998589663737,-0.00167948520036074,0.00167948520036074,0.999998589663737
4,OS,NaN,0.6,1,KLT_TRACK,1112,403.857142857143,948.825073242188,603.770568847656,NaN,NaN,NaN,NaN,NaN,NaN,NaN,NaN,NaN,NaN,NaN,NaN,NaN,NaN,NaN,NaN,NaN,1112.92602539062,404.437713623047,NaN,NaN,164.100952148438,-199.332855224609,NaN,NaN,164.300598852497,199.113075795155,NaN,NaN,NaN,NaN,0,948.836608886719,603.858764648438,0.999998589663737,-0.00167948520036074,0.00167948520036074,0.999998589663737
5,OD,NaN,0.633333333333333,1,KLT_TRACK,773.320689655172,412.58275862069,948.588745117188,603.914001464844,NaN,NaN,NaN,NaN,NaN,NaN,NaN,NaN,NaN,NaN,NaN,NaN,NaN,NaN,NaN,NaN,NaN,777.511291503906,411.388580322266,NaN,NaN,171.077453613281,192.525421142578,NaN,NaN,-171.001824930418,192.757651213483,NaN,NaN,NaN,NaN,0,948.624389648438,604.012268066406,0.999999024526554,-0.00139676266406172,0.00139676266406172,0.999999024526554
4,OS,NaN,0.633333333333333,1,KLT_TRACK,1111.13076923077,403.853846153846,948.588745117188,603.914001464844,NaN,NaN,NaN,NaN,NaN,NaN,NaN,NaN,NaN,NaN,NaN,NaN,NaN,NaN,NaN,NaN,NaN,1112.67224121094,404.482086181641,NaN,NaN,164.08349609375,-199.431915283203,NaN,NaN,164.170251441667,199.101237758857,NaN,NaN,NaN,NaN,0,948.624389648438,604.012268066406,0.999999024526554,-0.00139676266406172,0.00139676266406172,0.999999024526554
5,OD,NaN,0.666666666666667,1,KLT_TRACK,746.2,390.5,948.285400390625,604.102905273438,NaN,NaN,NaN,NaN,NaN,NaN,NaN,NaN,NaN,NaN,NaN,NaN,NaN,NaN,NaN,NaN,NaN,777.076904296875,411.714904785156,NaN,NaN,171.20849609375,192.388000488281,NaN,NaN,-171.278724234117,192.536786822931,NaN,NaN,NaN,NaN,0,948.370056152344,604.147399902344,0.999993415621708,-0.00362887217038982,0.00362887217038982,0.999993415621708
4,OS,NaN,0.666666666666667,1,KLT_TRACK,1110.3,403.8,948.285400390625,604.102905273438,NaN,NaN,NaN,NaN,NaN,NaN,NaN,NaN,NaN,NaN,NaN,NaN,NaN,NaN,NaN,NaN,NaN,1112.42077636719,404.559234619141,NaN,NaN,164.135375976562,-199.543670654297,NaN,NaN,164.074815490077,199.224054208651,NaN,NaN,NaN,NaN,0,948.370056152344,604.147399902344,0.999993415621708,-0.00362887217038982,0.00362887217038982,0.999993415621708
5,OD,NaN,0.7,1,KLT_TRACK,744.45,393.775,946.8671875,604.702209472656,NaN,NaN,NaN,NaN,NaN,NaN,NaN,NaN,NaN,NaN,NaN,NaN,NaN,NaN,NaN,NaN,NaN,775.738647460938,412.272186279297,NaN,NaN,171.128540039062,192.430023193359,NaN,NaN,-171.933981398002,192.500407558791,NaN,NaN,NaN,NaN,0,946.846618652344,604.732971191406,0.999989644110208,-0.00455100783777243,0.00455100783777246,0.999989644110208
4,OS,NaN,0.7,1,KLT_TRACK,1109.03333333333,404.3,946.8671875,604.702209472656,NaN,NaN,NaN,NaN,NaN,NaN,NaN,NaN,NaN,NaN,NaN,NaN,NaN,NaN,NaN,NaN,NaN,1111.3544921875,404.781402587891,NaN,NaN,164.4873046875,-199.920806884766,NaN,NaN,163.70683660335,198.773234929174,NaN,NaN,NaN,NaN,0,946.846618652344,604.732971191406,0.999989644110208,-0.00455100783777243,0.00455100783777246,0.999989644110208
5,OD,NaN,0.733333333333333,1,KLT_TRACK,742.15,394.833333333333,944.501770019531,605.618347167969,NaN,NaN,NaN,NaN,NaN,NaN,NaN,NaN,NaN,NaN,NaN,NaN,NaN,NaN,NaN,NaN,NaN,773.928100585938,413.264099121094,NaN,NaN,170.573669433594,192.354248046875,NaN,NaN,-172.045351003809,192.253842770791,NaN,NaN,NaN,NaN,0,944.327331542969,605.664306640625,0.999977484284774,-0.0067105084379499,0.00671050843794993,0.999977484284773
4,OS,NaN,0.733333333333333,1,KLT_TRACK,1108.05,404,944.501770019531,605.618347167969,NaN,NaN,NaN,NaN,NaN,NaN,NaN,NaN,NaN,NaN,NaN,NaN,NaN,NaN,NaN,NaN,NaN,1109.19116210938,404.903472900391,NaN,NaN,164.689392089844,-200.714874267578,NaN,NaN,163.252287847771,199.088597589062,NaN,NaN,NaN,NaN,0,944.327331542969,605.664306640625,0.999977484284774,-0.0067105084379499,0.00671050843794993,0.999977484284773
5,OD,NaN,0.766666666666667,1,KLT_TRACK,739.914285714286,393.814285714286,942.543640136719,606.6953125,NaN,NaN,NaN,NaN,NaN,NaN,NaN,NaN,NaN,NaN,NaN,NaN,NaN,NaN,NaN,NaN,NaN,771.945556640625,414.2333984375,NaN,NaN,170.598083496094,192.4619140625,NaN,NaN,-171.093294878608,192.583367354341,NaN,NaN,NaN,NaN,0,942.279907226562,606.719482421875,0.999970714173281,-0.00765315593583904,0.00765315593583904,0.999970714173281
4,OS,NaN,0.766666666666667,1,KLT_TRACK,1105.96666666667,404.066666666667,942.543640136719,606.6953125,1040.8,412.3,1040.8,412.3,NaN,NaN,NaN,NaN,NaN,NaN,NaN,1069.8295742139,409.08990573818,1069.8295742139,409.08990573818,NaN,NaN,1069.8295742139,409.08990573818,NaN,NaN,164.856628417969,-201.759979248047,66.6002685546875,-7.36466674804689,164.416258777574,199.630151512451,NaN,NaN,NaN,NaN,0,942.279907226562,606.719482421875,0.999970714173281,-0.00765315593583904,0.00765315593583904,0.999970714173281
5,OD,NaN,0.8,1,KLT_TRACK,737.728571428571,395.814285714286,941.823669433594,608.075439453125,NaN,NaN,NaN,NaN,NaN,NaN,NaN,NaN,NaN,NaN,NaN,NaN,NaN,NaN,NaN,NaN,NaN,770.9033203125,415.643493652344,NaN,NaN,170.920349121094,192.431945800781,NaN,NaN,-169.909233671387,192.381964694639,NaN,NaN,NaN,NaN,0,941.528686523438,608.075256347656,0.999937064832344,-0.0112190184274484,0.0112190184274484,0.999937064832345
4,OS,NaN,0.8,1,KLT_TRACK,1103.97931034483,404.5,941.823669433594,608.075439453125,1039.73937988281,413.245666503906,1039.73937988281,413.245666503906,NaN,NaN,NaN,NaN,NaN,NaN,NaN,1068.72176367457,409.861177334864,1068.72176367457,409.861177334864,NaN,NaN,1068.72176367457,409.861177334864,NaN,NaN,164.408264160156,-202.594604492188,66.4925537109375,-7.76483154296875,165.487335645889,199.978003596994,127.285934077184,-197.60540676182,30.0901943310901,-4.15576076572643,0,941.528686523438,608.075256347656,0.999937064832344,-0.0112190184274484,0.0112190184274484,0.999937064832345
5,OD,NaN,0.833333333333333,1,KLT_TRACK,734.95,397.75,941.553894042969,610.051513671875,682.8,415.8,NaN,NaN,682.8,415.8,NaN,NaN,NaN,NaN,NaN,723.303283945344,416.497544940623,NaN,NaN,723.303283945344,416.497544940623,723.303283945344,416.497544940623,NaN,NaN,171.759155273438,192.753295898438,86.9947387695313,1.49821777343749,-169.582808537814,192.691718313781,NaN,NaN,NaN,NaN,0,941.174133300781,610.057739257812,0.999940892787169,-0.0108724850884647,0.0108724850884647,0.999940892787169
4,OS,NaN,0.833333333333333,1,KLT_TRACK,1104.33076923077,405.969230769231,941.553894042969,610.051513671875,1039.04736328125,414.298889160156,1039.04736328125,414.298889160156,NaN,NaN,NaN,NaN,NaN,NaN,NaN,1068.1682870284,410.886045101237,1068.1682870284,410.886045101237,NaN,NaN,1068.1682870284,410.886045101237,NaN,NaN,163.917785644531,-203.537261962891,66.42431640625,-7.78463745117188,166.193992009598,199.709039901693,126.898094240975,-198.214262118261,29.6744003933186,-4.43771182529258,0,941.174133300781,610.057739257812,0.999940892787169,-0.0108724850884647,0.0108724850884647,0.999940892787169
5,OD,NaN,0.866666666666667,1,KLT_TRACK,733.848148148148,398.725925925926,940.615417480469,611.840576171875,681.604553222656,416.520812988281,NaN,NaN,681.604553222656,416.520812988281,NaN,NaN,NaN,NaN,NaN,722.016601880606,417.603909839003,NaN,NaN,722.016601880606,417.603909839003,722.016601880606,417.603909839003,NaN,NaN,172.212036132812,192.993438720703,86.798828125,2.32632446289062,-170.681605538619,193.077747305237,218.250610097625,193.553968731252,41.6987307226877,-0.0232680476583482,0,940.276672363281,611.961120605469,0.999968180990387,-0.00797728066302006,0.00797728066302009,0.999968180990387
4,OS,NaN,0.866666666666667,1,KLT_TRACK,1103.11538461538,406.661538461538,940.615417480469,611.840576171875,1037.76550292969,415.573974609375,1037.76550292969,415.573974609375,NaN,NaN,NaN,NaN,NaN,NaN,NaN,1066.74093693041,412.067232362559,1066.74093693041,412.067232362559,NaN,NaN,1066.74093693041,412.067232362559,NaN,NaN,163.626770019531,-204.311920166016,66.4766845703125,-8.04531860351562,165.260410138671,200.744157334639,126.614392985435,-199.165468570638,30.4027840987162,-4.68792950813759,0,940.276672363281,611.961120605469,0.999968180990387,-0.00797728066302006,0.00797728066302009,0.999968180990387
5,OD,NaN,0.9,1,KLT_TRACK,733.63488372093,398.874418604651,938.644897460938,612.056457519531,680.878356933594,416.094696044922,NaN,NaN,680.878356933594,416.094696044922,NaN,NaN,NaN,NaN,NaN,720.236698882533,417.360389547132,NaN,NaN,720.236698882533,417.360389547132,720.236698882533,417.360389547132,NaN,NaN,172.091430664062,193.206604003906,85.6751098632812,2.75515747070312,-172.177175089291,194.490961249063,218.598815599863,194.236666332872,41.1382449470118,1.50921379408101,0,938.456970214844,612.240539550781,0.999979794041483,-0.00635700469982772,0.00635700469982772,0.999979794041483
4,OS,NaN,0.9,1,KLT_TRACK,1101.75,407.1,938.644897460938,612.056457519531,1035.81201171875,415.792694091797,1035.81201171875,415.792694091797,NaN,NaN,NaN,NaN,NaN,NaN,NaN,1064.8194323936,412.203898991933,1064.8194323936,412.203898991933,NaN,NaN,1064.8194323936,412.203898991933,NaN,NaN,163.71630859375,-204.497222900391,66.5491943359375,-8.23345947265625,163.709947534634,203.102388304362,126.125519449942,-199.773343809316,30.9289252116607,-3.72546172923762,0,938.456970214844,612.240539550781,0.999979794041483,-0.00635700469982772,0.00635700469982772,0.999979794041483
5,OD,NaN,0.933333333333333,1,KLT_TRACK,758.95,419.575,936.628723144531,611.179260253906,678.662048339844,415.737152099609,NaN,NaN,678.662048339844,415.737152099609,NaN,NaN,NaN,NaN,NaN,718.832382679122,417.040138774439,NaN,NaN,718.832382679122,417.040138774439,718.832382679122,417.040138774439,NaN,NaN,172.234558105469,192.661254882812,85.7321166992188,2.78085327148438,-172.827793009718,194.825137900766,218.408198578405,194.696067972399,41.5746505426889,1.6232374475228,0,936.426696777344,611.335693359375,0.99995984584633,-0.00896140028033682,0.00896140028033682,0.99995984584633
4,OS,NaN,0.933333333333333,1,KLT_TRACK,1108.8,375.7,936.628723144531,611.179260253906,1033.75366210938,414.798980712891,1033.75366210938,414.798980712891,NaN,NaN,NaN,NaN,NaN,NaN,NaN,1061.92119998865,411.344548676859,1061.92119998865,411.344548676859,NaN,NaN,1061.92119998865,411.344548676859,NaN,NaN,163.614562988281,-204.534484863281,66.4896240234375,-8.15420532226562,163.090020109411,204.563133530016,126.174534932662,-199.852558527598,31.0657702842248,-2.59508172095713,0,936.426696777344,611.335693359375,0.99995984584633,-0.00896140028033682,0.00896140028033682,0.99995984584633
5,OD,NaN,0.966666666666667,1,KLT_TRACK,727.62,398.24,934.985046386719,609.972778320312,675.875366210938,416.095092773438,NaN,NaN,675.875366210938,416.095092773438,NaN,NaN,NaN,NaN,NaN,717.380186528615,416.924759364099,NaN,NaN,717.380186528615,416.924759364099,717.380186528615,416.924759364099,NaN,NaN,172.117004394531,192.138732910156,86.99267578125,1.73895263671875,-171.817639962083,195.049206631958,217.796340465409,194.139121479467,42.9570164681847,0.945046001001288,0,934.522888183594,610.001281738281,0.999916256372457,-0.0129414157684115,0.0129414157684116,0.999916256372457
4,OS,NaN,0.966666666666667,1,KLT_TRACK,1098.27058823529,404.176470588235,934.985046386719,609.972778320312,1031.81127929688,413.676391601562,1031.81127929688,413.676391601562,NaN,NaN,NaN,NaN,NaN,NaN,NaN,1060.74850490799,410.089097522886,1060.74850490799,410.089097522886,NaN,NaN,1060.74850490799,410.089097522886,NaN,NaN,163.489074707031,-204.560455322266,66.662841796875,-8.26406860351562,163.886279188112,204.462929848973,125.292476844115,-199.834711577047,30.1099206917713,-2.33184292470366,0,934.522888183594,610.001281738281,0.999916256372457,-0.0129414157684115,0.0129414157684116,0.999916256372457
5,OD,NaN,1,1,KLT_TRACK,726.334782608696,397.665217391304,934.296325683594,609.33056640625,674.62451171875,416.382049560547,NaN,NaN,674.62451171875,416.382049560547,NaN,NaN,NaN,NaN,NaN,717.752867958762,417.087774450129,NaN,NaN,717.752867958762,417.087774450129,717.752867958762,417.087774450129,NaN,NaN,172.423645019531,191.520843505859,87.2481689453125,1.42767333984375,-170.148518294757,194.409802137583,217.604859858103,193.048018956213,42.7556748098654,0.54270980355227,0,933.669921875,609.34423828125,0.999867729878437,-0.0162641553036435,0.0162641553036435,0.999867729878437
4,OS,NaN,1,1,KLT_TRACK,1095.98571428571,403.866666666667,934.296325683594,609.33056640625,1030.80786132812,412.779388427734,1030.80786132812,412.779388427734,NaN,NaN,NaN,NaN,NaN,NaN,NaN,1059.74367999947,409.245146063203,1059.74367999947,409.245146063203,NaN,NaN,1059.74367999947,409.245146063203,NaN,NaN,163.171325683594,-204.693054199219,66.6597900390625,-8.14187622070312,165.588815523308,203.237835696579,125.763458521273,-199.883680797427,29.9406435798669,-2.69029090484844,0,933.669921875,609.34423828125,0.999867729878437,-0.0162641553036435,0.0162641553036435,0.999867729878437
5,OD,NaN,1.03333333333333,1,KLT_TRACK,726.609090909091,398.618181818182,934.484313964844,608.714721679688,674.992797851562,416.075408935547,NaN,NaN,674.992797851562,416.075408935547,NaN,NaN,NaN,NaN,NaN,715.455273737145,416.659269842473,NaN,NaN,715.455273737145,416.659269842473,715.455273737145,416.659269842473,NaN,NaN,172.585388183594,191.385284423828,86.9061279296875,1.2540283203125,-168.625317378741,194.783113361447,216.543457724831,192.242791956121,42.7600701071999,1.01236551458186,0,933.893371582031,608.713134765625,0.99986292560152,-0.0165568719137758,0.0165568719137758,0.99986292560152
4,OS,NaN,1.03333333333333,1,KLT_TRACK,1096.0625,403.2125,934.484313964844,608.714721679688,1031.11486816406,412.307067871094,1031.11486816406,412.307067871094,NaN,NaN,NaN,NaN,NaN,NaN,NaN,1060.75322702562,408.617496987425,1060.75322702562,408.617496987425,NaN,NaN,1060.75322702562,408.617496987425,NaN,NaN,163.172302246094,-204.691192626953,66.541748046875,-8.28353881835938,167.30437169789,202.626446368936,125.447354315876,-200.085420343047,28.6288118354073,-3.06192180789043,0,933.893371582031,608.713134765625,0.99986292560152,-0.0165568719137758,0.0165568719137758,0.99986292560152
5,OD,NaN,1.06666666666667,1,KLT_TRACK,757.6,418.4,935.976257324219,607.679321289062,676.288024902344,415.305999755859,NaN,NaN,676.288024902344,415.305999755859,NaN,NaN,NaN,NaN,NaN,716.827632557262,415.928766424006,NaN,NaN,716.827632557262,415.928766424006,716.827632557262,415.928766424006,NaN,NaN,172.676391601562,191.036651611328,87.0118408203125,1.336669921875,-167.390035768295,194.868631970259,219.029040227699,192.055451837214,39.1672488348011,1.3532700866138,0,935.434387207031,607.781860351562,0.999881880925558,-0.0153695867468147,0.0153695867468146,0.999881880925558
4,OS,NaN,1.06666666666667,1,KLT_TRACK,1097.25517241379,402.327586206897,935.976257324219,607.679321289062,1032.15112304688,411.701293945312,1032.15112304688,411.701293945312,NaN,NaN,NaN,NaN,NaN,NaN,NaN,1061.35983002789,408.104300830464,1061.35983002789,408.104300830464,NaN,NaN,1061.35983002789,408.104300830464,NaN,NaN,162.729309082031,-204.174072265625,66.554443359375,-8.196044921875,168.187203971681,202.450982595153,126.268913060779,-200.097224692263,28.6021039787474,-3.0837969578879,0,935.434387207031,607.781860351562,0.999881880925558,-0.0153695867468147,0.0153695867468146,0.999881880925558
5,OD,NaN,1.1,1,KLT_TRACK,730.833333333333,395.433333333333,937.567565917969,607.266906738281,678.113891601562,414.637817382812,NaN,NaN,678.113891601562,414.637817382812,NaN,NaN,NaN,NaN,NaN,718.147390393279,415.448136547467,NaN,NaN,718.147390393279,415.448136547467,718.147390393279,415.448136547467,NaN,NaN,172.834289550781,190.875823974609,86.619384765625,1.75326538085938,-167.739350623948,193.991776217216,219.148624766957,191.750554865057,38.7137409556997,1.29094904119319,0,937.270568847656,607.307067871094,0.999900127815207,-0.0141327419537995,0.0141327419537994,0.999900127815207
4,OS,NaN,1.1,1,KLT_TRACK,1099.14210526316,402.626315789474,937.567565917969,607.266906738281,1033.80651855469,411.672485351562,1033.80651855469,411.672485351562,NaN,NaN,NaN,NaN,NaN,NaN,NaN,1062.36239560957,408.154574583434,1062.36239560957,408.154574583434,NaN,NaN,1062.36239560957,408.154574583434,NaN,NaN,162.670471191406,-203.778381347656,66.4315185546875,-8.1839599609375,167.924087581231,201.736240027932,125.383572703669,-199.575020458599,27.5533114732002,-3.56818452109883,0,937.270568847656,607.307067871094,0.999900127815207,-0.0141327419537995,0.0141327419537994,0.999900127815207
5,OD,NaN,1.13333333333333,1,KLT_TRACK,732.177777777778,395.9,938.636779785156,607.202941894531,679.429260253906,414.427703857422,NaN,NaN,679.429260253906,414.427703857422,NaN,NaN,NaN,NaN,NaN,720.175420651491,415.169505152209,NaN,NaN,720.175420651491,415.169505152209,720.175420651491,415.169505152209,NaN,NaN,172.746154785156,191.201171875,86.4613647460938,1.57406616210938,-168.659159349304,193.708260295959,219.420175524689,191.818770190814,38.7181301393732,1.02043269004542,0,938.1689453125,607.273376464844,0.999912923070497,-0.0131964493942683,0.0131964493942684,0.999912923070497
4,OS,NaN,1.13333333333333,1,KLT_TRACK,1100.82105263158,403.015789473684,938.636779785156,607.202941894531,1035.13354492188,411.776428222656,1035.13354492188,411.776428222656,NaN,NaN,NaN,NaN,NaN,NaN,NaN,1063.2794671873,408.416205529278,1063.2794671873,408.416205529278,NaN,NaN,1063.2794671873,408.416205529278,NaN,NaN,162.867370605469,-203.350219726562,66.37060546875,-7.9237060546875,167.092546943565,201.112955445019,124.794829691605,-199.112332154847,27.2288506876992,-3.62185363922197,0,938.1689453125,607.273376464844,0.999912923070497,-0.0131964493942683,0.0131964493942684,0.999912923070497
5,OD,NaN,1.16666666666667,1,KLT_TRACK,733.085714285714,396.128571428571,939.30322265625,607.070922851562,NaN,NaN,NaN,NaN,NaN,NaN,NaN,NaN,NaN,NaN,NaN,NaN,NaN,NaN,NaN,NaN,NaN,769.703857421875,417.122253417969,NaN,NaN,169.599365234375,189.948669433594,NaN,NaN,-165.941098795492,192.357706277988,218.461359133666,192.033436742322,NaN,NaN,0,938.817260742188,607.140563964844,0.999926159966628,-0.0121521444360069,0.0121521444360068,0.999926159966628
4,OS,NaN,1.16666666666667,1,KLT_TRACK,1102.6,404.6,939.30322265625,607.070922851562,1037.40173339844,411.868377685547,1037.40173339844,411.868377685547,NaN,NaN,NaN,NaN,NaN,NaN,NaN,1067.65636328905,408.885958712383,1067.65636328905,408.885958712383,NaN,NaN,1067.65636328905,408.885958712383,NaN,NaN,164.375,-201.735900878906,66.2764892578125,-6.53335571289062,168.159734579893,199.736635517581,124.642687402148,-198.786736365253,25.8777337888671,-3.45217215626883,0,938.817260742188,607.140563964844,0.999926159966628,-0.0121521444360069,0.0121521444360068,0.999926159966628
5,OD,NaN,1.2,1,KLT_TRACK,776.961403508772,419.352631578947,939.311401367188,606.460510253906,NaN,NaN,NaN,NaN,NaN,NaN,NaN,NaN,NaN,NaN,NaN,NaN,NaN,NaN,NaN,NaN,NaN,775.062072753906,417.899475097656,NaN,NaN,164.249328613281,188.56103515625,NaN,NaN,-161.443411254594,191.217091995449,NaN,NaN,NaN,NaN,0,938.971557617188,606.584106445312,0.99994279691845,-0.0106959287071422,0.0106959287071422,0.99994279691845
4,OS,NaN,1.2,1,KLT_TRACK,1118.58245614035,402.489473684211,939.311401367188,606.460510253906,NaN,NaN,NaN,NaN,NaN,NaN,NaN,NaN,NaN,NaN,NaN,NaN,NaN,NaN,NaN,NaN,NaN,1107.29968261719,406.148406982422,NaN,NaN,167.98828125,-200.312103271484,NaN,NaN,170.912466849501,198.92989298929,128.353140632796,-198.18496413918,NaN,NaN,0,938.971557617188,606.584106445312,0.99994279691845,-0.0106959287071422,0.0106959287071422,0.99994279691845
5,OD,NaN,1.23333333333333,1,KLT_TRACK,749.8,395.9,938.068725585938,605.424560546875,NaN,NaN,NaN,NaN,NaN,NaN,NaN,NaN,NaN,NaN,NaN,NaN,NaN,NaN,NaN,NaN,NaN,776.259643554688,417.925415039062,NaN,NaN,161.80908203125,187.499145507812,NaN,NaN,-160.684726526347,190.388254580355,NaN,NaN,NaN,NaN,0,937.713439941406,605.4775390625,0.999930014521099,-0.0118307252455407,0.0118307252455407,0.999930014521099
4,OS,NaN,1.23333333333333,1,KLT_TRACK,1118.98333333333,405.066666666667,938.068725585938,605.424560546875,NaN,NaN,NaN,NaN,NaN,NaN,NaN,NaN,NaN,NaN,NaN,NaN,NaN,NaN,NaN,NaN,NaN,1108.12231445312,406.060760498047,NaN,NaN,170.053588867188,-199.363800048828,NaN,NaN,171.285864303769,198.702650958078,NaN,NaN,NaN,NaN,0,937.713439941406,605.4775390625,0.999930014521099,-0.0118307252455407,0.0118307252455407,0.999930014521099
5,OD,NaN,1.26666666666667,1,KLT_TRACK,749.3,396,935.551452636719,605.2099609375,NaN,NaN,NaN,NaN,NaN,NaN,NaN,NaN,NaN,NaN,NaN,NaN,NaN,NaN,NaN,NaN,NaN,773.709716796875,417.761810302734,NaN,NaN,161.841735839844,187.448150634766,NaN,NaN,-161.771432054202,189.64287437236,NaN,NaN,NaN,NaN,0,935.321228027344,605.269592285156,0.99990967630993,-0.0134402091416443,0.0134402091416443,0.99990967630993
4,OS,NaN,1.26666666666667,1,KLT_TRACK,1117.15,403.95,935.551452636719,605.2099609375,NaN,NaN,NaN,NaN,NaN,NaN,NaN,NaN,NaN,NaN,NaN,NaN,NaN,NaN,NaN,NaN,NaN,1105.94421386719,405.878753662109,NaN,NaN,170.392761230469,-199.331207275391,NaN,NaN,170.580398603918,197.594524319646,NaN,NaN,NaN,NaN,0,935.321228027344,605.269592285156,0.99990967630993,-0.0134402091416443,0.0134402091416443,0.99990967630993
5,OD,NaN,1.3,1,KLT_TRACK,770.24,419.8,932.275817871094,605.565734863281,NaN,NaN,NaN,NaN,NaN,NaN,NaN,NaN,NaN,NaN,NaN,NaN,NaN,NaN,NaN,NaN,NaN,770.321166992188,418.671661376953,NaN,NaN,161.954650878906,186.894073486328,NaN,NaN,-162.477242403977,188.798712023221,NaN,NaN,NaN,NaN,0,932.008605957031,605.571960449219,0.999889331180106,-0.0148770088458679,0.0148770088458679,0.999889331180106
4,OS,NaN,1.3,1,KLT_TRACK,1115.64,397.56,932.275817871094,605.565734863281,NaN,NaN,NaN,NaN,NaN,NaN,NaN,NaN,NaN,NaN,NaN,NaN,NaN,NaN,NaN,NaN,NaN,1103.01342773438,405.942565917969,NaN,NaN,170.737609863281,-199.623168945312,NaN,NaN,170.356050050715,197.05520417915,NaN,NaN,NaN,NaN,0,932.008605957031,605.571960449219,0.999889331180106,-0.0148770088458679,0.0148770088458679,0.999889331180106
5,OD,NaN,1.33333333333333,1,KLT_TRACK,743.4,398.8,929.169189453125,605.763977050781,NaN,NaN,NaN,NaN,NaN,NaN,NaN,NaN,NaN,NaN,NaN,NaN,NaN,NaN,NaN,NaN,NaN,767.267456054688,418.924926757812,NaN,NaN,161.901733398438,186.839050292969,NaN,NaN,-161.946168622414,189.077233228827,NaN,NaN,NaN,NaN,0,928.881774902344,605.767822265625,0.999860141231566,-0.0167241734143339,0.0167241734143339,0.999860141231566
4,OS,NaN,1.33333333333333,1,KLT_TRACK,1111.89436619718,397.097183098592,929.169189453125,605.763977050781,NaN,NaN,NaN,NaN,NaN,NaN,NaN,NaN,NaN,NaN,NaN,NaN,NaN,NaN,NaN,NaN,NaN,1099.84899902344,405.641143798828,NaN,NaN,170.679809570312,-200.122833251953,NaN,NaN,170.796190896045,197.411727530509,NaN,NaN,NaN,NaN,0,928.881774902344,605.767822265625,0.999860141231566,-0.0167241734143339,0.0167241734143339,0.999860141231566
5,OD,NaN,1.36666666666667,1,KLT_TRACK,765.4,419.6,926.447204589844,605.7431640625,NaN,NaN,NaN,NaN,NaN,NaN,NaN,NaN,NaN,NaN,NaN,NaN,NaN,NaN,NaN,NaN,NaN,764.942626953125,419.002593994141,NaN,NaN,161.504577636719,186.740570068359,NaN,NaN,-160.792725556509,189.480854256373,NaN,NaN,NaN,NaN,0,925.961853027344,605.743957519531,0.999825652677129,-0.0186725533538828,0.0186725533538828,0.999825652677129
4,OS,NaN,1.36666666666667,1,KLT_TRACK,1110.37142857143,397.514285714286,926.447204589844,605.7431640625,NaN,NaN,NaN,NaN,NaN,NaN,NaN,NaN,NaN,NaN,NaN,NaN,NaN,NaN,NaN,NaN,NaN,1097.49829101562,405.039245605469,NaN,NaN,171.051086425781,-200.703918457031,NaN,NaN,171.949953140277,197.880531152636,NaN,NaN,NaN,NaN,0,925.961853027344,605.743957519531,0.999825652677129,-0.0186725533538828,0.0186725533538828,0.999825652677129
5,OD,NaN,1.4,1,KLT_TRACK,738.566666666667,399.533333333333,924.860473632812,605.724487304688,NaN,NaN,NaN,NaN,NaN,NaN,NaN,NaN,NaN,NaN,NaN,NaN,NaN,NaN,NaN,NaN,NaN,763.214172363281,419.221893310547,NaN,NaN,161.646301269531,186.502593994141,NaN,NaN,-159.236462846017,189.528459336854,NaN,NaN,NaN,NaN,0,924.301635742188,605.716369628906,0.99981210554392,-0.0193843650355906,0.0193843650355906,0.99981210554392
4,OS,NaN,1.4,1,KLT_TRACK,1109.19830508475,396.222033898305,924.860473632812,605.724487304688,NaN,NaN,NaN,NaN,NaN,NaN,NaN,NaN,NaN,NaN,NaN,NaN,NaN,NaN,NaN,NaN,NaN,1095.77905273438,404.705200195312,NaN,NaN,170.918579101562,-201.019287109375,NaN,NaN,173.54149945522,197.832786033149,NaN,NaN,NaN,NaN,0,924.301635742188,605.716369628906,0.99981210554392,-0.0193843650355906,0.0193843650355906,0.99981210554392
5,OD,NaN,1.43333333333333,1,KLT_TRACK,738.688888888889,399.785185185185,924.359191894531,606.276000976562,NaN,NaN,NaN,NaN,NaN,NaN,NaN,NaN,NaN,NaN,NaN,NaN,NaN,NaN,NaN,NaN,NaN,762.420227050781,419.977905273438,NaN,NaN,161.93896484375,186.298095703125,NaN,NaN,-158.250569877954,188.841533446285,NaN,NaN,NaN,NaN,0,923.65380859375,606.256103515625,0.99980175575689,-0.0199110317522867,0.0199110317522867,0.99980175575689
4,OS,NaN,1.43333333333333,1,KLT_TRACK,1108.17777777778,397.083333333333,924.359191894531,606.276000976562,NaN,NaN,NaN,NaN,NaN,NaN,NaN,NaN,NaN,NaN,NaN,NaN,NaN,NaN,NaN,NaN,NaN,1095.05627441406,405.163299560547,NaN,NaN,170.697082519531,-201.112701416016,NaN,NaN,174.610148741132,197.205417010808,NaN,NaN,NaN,NaN,0,923.65380859375,606.256103515625,0.99980175575689,-0.0199110317522867,0.0199110317522867,0.99980175575689
5,OD,NaN,1.46666666666667,1,KLT_TRACK,737.4,400.585714285714,924.219665527344,606.969360351562,NaN,NaN,NaN,NaN,NaN,NaN,NaN,NaN,NaN,NaN,NaN,NaN,NaN,NaN,NaN,NaN,NaN,761.85498046875,420.867706298828,NaN,NaN,162.364685058594,186.101654052734,NaN,NaN,-158.075478175293,188.573226638589,NaN,NaN,NaN,NaN,0,923.616455078125,606.94677734375,0.999801782784016,-0.0199096745805395,0.0199096745805395,0.999801782784016
4,OS,NaN,1.46666666666667,1,KLT_TRACK,1107.29166666667,401.777083333333,924.219665527344,606.969360351562,1028.9,408.7,1028.9,408.7,NaN,NaN,NaN,NaN,NaN,NaN,NaN,1069.11759269224,406.985029888466,1069.11759269224,406.985029888466,NaN,NaN,1069.11759269224,406.985029888466,NaN,NaN,170.501159667969,-201.076110839844,65.8208251953124,-2.80675048828124,175.022534698386,196.917012422244,NaN,NaN,NaN,NaN,0,923.616455078125,606.94677734375,0.999801782784016,-0.0199096745805395,0.0199096745805395,0.999801782784016
5,OD,NaN,1.5,1,KLT_TRACK,736.011764705882,401.717647058824,924.104064941406,608.319641113281,NaN,NaN,NaN,NaN,NaN,NaN,NaN,NaN,NaN,NaN,NaN,NaN,NaN,NaN,NaN,NaN,NaN,762.024597167969,421.970733642578,NaN,NaN,162.079467773438,186.348907470703,NaN,NaN,-157.87701478667,188.156619570622,NaN,NaN,NaN,NaN,0,923.518371582031,608.338073730469,0.999843801535991,-0.0176740637675064,0.0176740637675064,0.999843801535991
4,OS,NaN,1.5,1,KLT_TRACK,1108.07941176471,403.152941176471,924.104064941406,608.319641113281,1029.12109375,409.815216064453,1029.12109375,409.815216064453,NaN,NaN,NaN,NaN,NaN,NaN,NaN,1069.6253387315,408.132891707519,1069.6253387315,408.132891707519,NaN,NaN,1069.6253387315,408.132891707519,NaN,NaN,170.833923339844,-201.238098144531,65.81689453125,-2.73367309570312,175.266826102145,196.414661669957,144.8979271649,-199.984330463096,39.9964989422438,-2.83018617598691,0,923.518371582031,608.338073730469,0.999843801535991,-0.0176740637675064,0.0176740637675064,0.999843801535991
5,OD,NaN,1.53333333333333,1,KLT_TRACK,738.220895522388,402.328358208955,924.911743164062,609.871459960938,NaN,NaN,NaN,NaN,NaN,NaN,NaN,NaN,NaN,NaN,NaN,NaN,NaN,NaN,NaN,NaN,NaN,763.130920410156,423.066650390625,NaN,NaN,161.780822753906,186.804809570312,NaN,NaN,-157.087899947951,188.077182267613,NaN,NaN,NaN,NaN,0,924.397155761719,609.917419433594,0.999847421413209,-0.0174680821316084,0.0174680821316084,0.999847421413209
4,OS,NaN,1.53333333333333,1,KLT_TRACK,1108.71951219512,403.10243902439,924.911743164062,609.871459960938,1030.12524414062,411.026000976562,1030.12524414062,411.026000976562,NaN,NaN,NaN,NaN,NaN,NaN,NaN,1070.64083270264,409.241603175776,1070.64083270264,409.241603175776,NaN,NaN,1070.64083270264,409.241603175776,NaN,NaN,171.048828125,-201.744995117188,65.8353271484375,-2.8995361328125,175.953817242766,197.132581707103,145.521273790092,-200.186749405762,39.5000945908737,-2.89310926904352,0,924.397155761719,609.917419433594,0.999847421413209,-0.0174680821316084,0.0174680821316084,0.999847421413209
5,OD,NaN,1.56666666666667,1,KLT_TRACK,740.3,402.3,926.756408691406,610.119750976562,NaN,NaN,NaN,NaN,NaN,NaN,NaN,NaN,NaN,NaN,NaN,NaN,NaN,NaN,NaN,NaN,NaN,765.606994628906,422.679382324219,NaN,NaN,161.1494140625,187.440368652344,NaN,NaN,-155.495243744043,189.983228170639,NaN,NaN,NaN,NaN,0,926.33740234375,610.176879882812,0.999851221011394,-0.0172492272877168,0.0172492272877168,0.999851221011394
4,OS,NaN,1.56666666666667,1,KLT_TRACK,1110.84642857143,403.260714285714,926.756408691406,610.119750976562,1032.48364257812,411.347778320312,1032.48364257812,411.347778320312,NaN,NaN,NaN,NaN,NaN,NaN,NaN,1073.28340558367,409.469430747898,1073.28340558367,409.469430747898,NaN,NaN,1073.28340558367,409.469430747898,NaN,NaN,171.495056152344,-201.7998046875,65.767822265625,-3.02783203125,177.349303855657,198.529812336999,145.729089538574,-200.629856785161,38.1571901245113,-2.10617514453628,0,926.33740234375,610.176879882812,0.999851221011394,-0.0172492272877168,0.0172492272877168,0.999851221011394
5,OD,NaN,1.6,1,KLT_TRACK,741.74,402.44,929.1279296875,610.370239257812,NaN,NaN,NaN,NaN,NaN,NaN,NaN,NaN,NaN,NaN,NaN,NaN,NaN,NaN,NaN,NaN,NaN,768.48974609375,422.519683837891,NaN,NaN,160.63818359375,187.850555419922,NaN,NaN,-154.587230208595,190.352026696579,NaN,NaN,NaN,NaN,0,928.712646484375,610.399108886719,0.999845504512315,-0.0175774601838433,0.0175774601838433,0.999845504512315
4,OS,NaN,1.6,1,KLT_TRACK,1113.90227272727,403.147727272727,929.1279296875,610.370239257812,1035.44946289062,411.667327880859,1035.44946289062,411.667327880859,NaN,NaN,NaN,NaN,NaN,NaN,NaN,1076.18334657783,409.873455241088,1076.18334657783,409.873455241088,NaN,NaN,1076.18334657783,409.873455241088,NaN,NaN,172.123168945312,-201.600738525391,65.8016357421875,-2.8978271484375,178.361794466624,198.360287861198,146.526996892267,-200.650320228664,37.8339426930481,-2.19789713296115,0,928.712646484375,610.399108886719,0.999845504512315,-0.0175774601838433,0.0175774601838433,0.999845504512315
5,OD,NaN,1.63333333333333,1,KLT_TRACK,745.833333333333,403.366666666667,931.513000488281,611.247009277344,NaN,NaN,NaN,NaN,NaN,NaN,NaN,NaN,NaN,NaN,NaN,NaN,NaN,NaN,NaN,NaN,NaN,771.508605957031,422.561065673828,NaN,NaN,160.00439453125,188.685943603516,NaN,NaN,-153.878037486851,190.572270845907,NaN,NaN,NaN,NaN,0,931.308044433594,611.271606445312,0.999890395036621,-0.0148053339546879,0.0148053339546879,0.999890395036621
4,OS,NaN,1.63333333333333,1,KLT_TRACK,1115.72289156627,405.60843373494,931.513000488281,611.247009277344,1038.20153808594,412.800567626953,1038.20153808594,412.800567626953,NaN,NaN,NaN,NaN,NaN,NaN,NaN,1078.7978736041,410.976554426979,1078.7978736041,410.976554426979,NaN,NaN,1078.7978736041,410.976554426979,NaN,NaN,172.508117675781,-201.403747558594,65.819580078125,-2.95730590820312,178.806649730092,197.443384513712,147.055416890331,-200.496784016724,37.9818084918934,-2.92711238586463,0,931.308044433594,611.271606445312,0.999890395036621,-0.0148053339546879,0.0148053339546879,0.999890395036621
5,OD,NaN,1.66666666666667,1,KLT_TRACK,777.888888888889,424.866666666667,933.2119140625,611.887512207031,NaN,NaN,NaN,NaN,NaN,NaN,NaN,NaN,NaN,NaN,NaN,NaN,NaN,NaN,NaN,NaN,NaN,773.479125976562,422.749542236328,NaN,NaN,159.732788085938,189.137969970703,NaN,NaN,-155.020487505763,190.838111100504,NaN,NaN,NaN,NaN,0,933.070556640625,611.989868164062,0.999948114054814,-0.0101867167536754,0.0101867167536753,0.999948114054814
4,OS,NaN,1.66666666666667,1,KLT_TRACK,1117.52289156627,407.30843373494,933.2119140625,611.887512207031,1040.21435546875,413.700622558594,1040.21435546875,413.700622558594,NaN,NaN,NaN,NaN,NaN,NaN,NaN,1080.87501597232,411.976788991841,1080.87501597232,411.976788991841,NaN,NaN,1080.87501597232,411.976788991841,NaN,NaN,172.926513671875,-200.981781005859,65.924072265625,-2.79489135742188,177.777704719135,197.755491939528,147.284873115821,-200.270454850365,38.5835181353518,-2.7240681316149,0,933.070556640625,611.989868164062,0.999948114054814,-0.0101867167536754,0.0101867167536753,0.999948114054814
5,OD,NaN,1.7,1,KLT_TRACK,778.588235294118,425.105882352941,933.613525390625,612.330749511719,NaN,NaN,NaN,NaN,NaN,NaN,NaN,NaN,NaN,NaN,NaN,NaN,NaN,NaN,NaN,NaN,NaN,774.2265625,422.982574462891,NaN,NaN,159.386962890625,189.348175048828,NaN,NaN,-156.910388604539,190.615585655424,NaN,NaN,NaN,NaN,0,933.515808105469,612.497192382812,0.999973045199104,-0.00734226635507207,0.00734226635507204,0.999973045199105
4,OS,NaN,1.7,1,KLT_TRACK,1119.24117647059,409.355882352941,933.613525390625,612.330749511719,1041.20361328125,414.440277099609,1041.20361328125,414.440277099609,NaN,NaN,NaN,NaN,NaN,NaN,NaN,1081.81946076691,412.708268723452,1081.81946076691,412.708268723452,NaN,NaN,1081.81946076691,412.708268723452,NaN,NaN,173.49853515625,-200.701049804688,65.908447265625,-2.81057739257812,176.073485883109,198.576861076637,147.663101909819,-199.91072321519,39.6714026910686,-2.46348810776794,0,933.515808105469,612.497192382812,0.999973045199104,-0.00734226635507207,0.00734226635507204,0.999973045199105
5,OD,NaN,1.73333333333333,1,KLT_TRACK,747.24,403.84,933.659240722656,613.081420898438,NaN,NaN,NaN,NaN,NaN,NaN,NaN,NaN,NaN,NaN,NaN,NaN,NaN,NaN,NaN,NaN,NaN,774.469055175781,423.560699462891,NaN,NaN,159.190185546875,189.520721435547,NaN,NaN,-157.655243800918,190.099163797292,NaN,NaN,NaN,NaN,0,933.545471191406,613.082580566406,0.999940340408796,-0.010923169097838,0.010923169097838,0.999940340408797
4,OS,NaN,1.73333333333333,1,KLT_TRACK,1118.85333333333,409.226666666667,933.659240722656,613.081420898438,1041.48803710938,414.968017578125,1041.48803710938,414.968017578125,NaN,NaN,NaN,NaN,NaN,NaN,NaN,1082.31280180978,413.220229633085,1082.31280180978,413.220229633085,NaN,NaN,1082.31280180978,413.220229633085,NaN,NaN,173.702697753906,-200.93359375,65.8739013671875,-2.8201904296875,175.312462786884,199.067540263142,148.205935376284,-199.622480788267,40.3314236575338,-2.25974885467303,0,933.545471191406,613.082580566406,0.999940340408796,-0.010923169097838,0.010923169097838,0.999940340408797
5,OD,NaN,1.76666666666667,1,KLT_TRACK,777.255555555556,425.244444444444,933.637939453125,613.444702148438,NaN,NaN,NaN,NaN,NaN,NaN,NaN,NaN,NaN,NaN,NaN,NaN,NaN,NaN,NaN,NaN,NaN,774.381469726562,423.506195068359,NaN,NaN,159.256469726562,189.938507080078,NaN,NaN,-157.08373088983,191.303650750675,NaN,NaN,NaN,NaN,0,933.352111816406,613.436096191406,0.999924929542896,-0.0122529701963935,0.0122529701963935,0.999924929542896
4,OS,NaN,1.76666666666667,1,KLT_TRACK,1118.94,409.24,933.637939453125,613.444702148438,1041.451171875,414.878479003906,1041.451171875,414.878479003906,NaN,NaN,NaN,NaN,NaN,NaN,NaN,1082.3049112879,413.192744604376,1082.3049112879,413.192744604376,NaN,NaN,1082.3049112879,413.192744604376,NaN,NaN,173.73388671875,-201.286285400391,65.920654296875,-2.72006225585938,176.01071318842,199.013442095771,148.65356108712,-199.861191265352,40.8616299347759,-1.65824937082107,0,933.352111816406,613.436096191406,0.999924929542896,-0.0122529701963935,0.0122529701963935,0.999924929542896
5,OD,NaN,1.8,1,KLT_TRACK,745,407.6,933.3642578125,613.340026855469,NaN,NaN,NaN,NaN,NaN,NaN,NaN,NaN,NaN,NaN,NaN,NaN,NaN,NaN,NaN,NaN,NaN,774.257446289062,423.392608642578,NaN,NaN,159.106811523438,189.947418212891,NaN,NaN,-156.754125029125,191.97860309246,NaN,NaN,NaN,NaN,0,933.009460449219,613.356323242188,0.999911263958729,-0.0133215692940772,0.0133215692940772,0.999911263958729
4,OS,NaN,1.8,1,KLT_TRACK,1118.08823529412,408.341176470588,933.3642578125,613.340026855469,1041.12878417969,414.514801025391,1041.12878417969,414.514801025391,NaN,NaN,NaN,NaN,NaN,NaN,NaN,1081.18556037859,412.745561993858,1081.18556037859,412.745561993858,NaN,NaN,1081.18556037859,412.745561993858,NaN,NaN,173.528076171875,-201.729888916016,65.7635498046875,-2.9046630859375,176.000161875484,199.684423914912,148.666971834778,-200.251957544061,41.176127108216,-1.32205642101417,0,933.009460449219,613.356323242188,0.999911263958729,-0.0133215692940772,0.0133215692940772,0.999911263958729
5,OD,NaN,1.83333333333333,1,KLT_TRACK,776.106666666667,423.073333333333,932.468872070312,611.610107421875,NaN,NaN,NaN,NaN,NaN,NaN,NaN,NaN,NaN,NaN,NaN,NaN,NaN,NaN,NaN,NaN,NaN,773.055725097656,422.289093017578,NaN,NaN,159.413146972656,189.321014404297,NaN,NaN,-157.394226343036,193.181110444315,NaN,NaN,NaN,NaN,0,932.1533203125,611.622314453125,0.999905216294331,-0.0137680219126354,0.0137680219126355,0.999905216294331
4,OS,NaN,1.83333333333333,1,KLT_TRACK,1116.1,407.384848484848,932.468872070312,611.610107421875,1040.00891113281,413.201599121094,1040.00891113281,413.201599121094,NaN,NaN,NaN,NaN,NaN,NaN,NaN,1080.27094014811,411.449142482572,1080.27094014811,411.449142482572,NaN,NaN,1080.27094014811,411.449142482572,NaN,NaN,173.404174804688,-201.275329589844,65.8641357421875,-2.8668212890625,175.552812780814,200.70071583693,147.821302566093,-200.594464861611,41.1766492457809,-0.456037127236186,0,932.1533203125,611.622314453125,0.999905216294331,-0.0137680219126354,0.0137680219126355,0.999905216294331
5,OD,NaN,1.86666666666667,1,KLT_TRACK,744.35,401.85,930.401306152344,609.863647460938,NaN,NaN,NaN,NaN,NaN,NaN,NaN,NaN,NaN,NaN,NaN,NaN,NaN,NaN,NaN,NaN,NaN,770.543151855469,421.525543212891,NaN,NaN,159.858154296875,188.338104248047,NaN,NaN,-158.977593934434,192.303805504442,NaN,NaN,NaN,NaN,0,930.165405273438,610.007568359375,0.999931433771212,-0.0117101561154785,0.0117101561154786,0.999931433771212
4,OS,NaN,1.86666666666667,1,KLT_TRACK,1116.01971830986,404.601408450704,930.401306152344,609.863647460938,1037.7119140625,411.452239990234,1037.7119140625,411.452239990234,NaN,NaN,NaN,NaN,NaN,NaN,NaN,1078.17497451738,409.710485738181,1078.17497451738,409.710485738181,NaN,NaN,1078.17497451738,409.710485738181,NaN,NaN,173.238952636719,-201.249328613281,65.9283447265625,-2.83792114257812,174.265702840996,200.627717828689,147.802068077796,-200.160964939303,42.5590260856088,-0.00309750766251682,0,930.165405273438,610.007568359375,0.999931433771212,-0.0117101561154785,0.0117101561154786,0.999931433771212
5,OD,NaN,1.9,1,KLT_TRACK,768.625,422.966666666667,927.579528808594,608.955444335938,NaN,NaN,NaN,NaN,NaN,NaN,NaN,NaN,NaN,NaN,NaN,NaN,NaN,NaN,NaN,NaN,NaN,767.354187011719,421.570556640625,NaN,NaN,160.225341796875,187.384887695312,NaN,NaN,-160.593428085317,190.330636086688,NaN,NaN,NaN,NaN,0,927.23681640625,608.988342285156,0.999902470940116,-0.013965980375598,0.013965980375598,0.999902470940116
4,OS,NaN,1.9,1,KLT_TRACK,1111.96666666667,404.208333333333,927.579528808594,608.955444335938,1034.2490234375,410.669036865234,1034.2490234375,410.669036865234,NaN,NaN,NaN,NaN,NaN,NaN,NaN,1074.41162300794,408.938675726661,1074.41162300794,408.938675726661,NaN,NaN,1074.41162300794,408.938675726661,NaN,NaN,172.805480957031,-201.135803222656,66.135986328125,-2.84939575195312,172.575585368558,200.180765839897,147.773668365034,-200.153161722756,43.9259510798774,-0.958551127053113,0,927.23681640625,608.988342285156,0.999902470940116,-0.013965980375598,0.013965980375598,0.999902470940116
5,OD,NaN,1.93333333333333,1,KLT_TRACK,734.514285714286,405.428571428571,923.795532226562,608.85400390625,NaN,NaN,NaN,NaN,NaN,NaN,NaN,NaN,NaN,NaN,NaN,NaN,NaN,NaN,NaN,NaN,NaN,763.378845214844,422.051177978516,NaN,NaN,160.416687011719,186.802825927734,NaN,NaN,-161.231229509345,189.207369710793,NaN,NaN,NaN,NaN,0,923.343505859375,608.915771484375,0.999870629035785,-0.0160849367914232,0.0160849367914232,0.999870629035785
4,OS,NaN,1.93333333333333,1,KLT_TRACK,1109.40526315789,399.766666666667,923.795532226562,608.85400390625,1030.24963378906,410.359008789062,1030.24963378906,410.359008789062,NaN,NaN,NaN,NaN,NaN,NaN,NaN,1071.30138727296,408.479826927492,1071.30138727296,408.479826927492,NaN,NaN,1071.30138727296,408.479826927492,NaN,NaN,172.580078125,-201.52197265625,66.1259765625,-3.0269775390625,171.938626080282,199.274454607729,146.832094199346,-200.016768609276,44.1619892188774,-1.42033306240148,0,923.343505859375,608.915771484375,0.999870629035785,-0.0160849367914232,0.0160849367914232,0.999870629035785
5,OD,NaN,1.96666666666667,1,KLT_TRACK,731,405.8,921.015930175781,607.916320800781,NaN,NaN,NaN,NaN,NaN,NaN,NaN,NaN,NaN,NaN,NaN,NaN,NaN,NaN,NaN,NaN,NaN,760.1474609375,421.812927246094,NaN,NaN,160.868469238281,186.103393554688,NaN,NaN,-160.165394669119,189.703636630093,NaN,NaN,NaN,NaN,0,920.316833496094,607.933532714844,0.999812590659417,-0.0193593274393785,0.0193593274393784,0.999812590659417
4,OS,NaN,1.96666666666667,1,KLT_TRACK,1105.80769230769,400.176923076923,921.015930175781,607.916320800781,1027.28198242188,409.241241455078,1027.28198242188,409.241241455078,NaN,NaN,NaN,NaN,NaN,NaN,NaN,1067.88236659567,407.407150444778,1067.88236659567,407.407150444778,NaN,NaN,1067.88236659567,407.407150444778,NaN,NaN,172.160827636719,-201.651824951172,65.894775390625,-2.97674560546875,173.07091342085,199.893301321089,147.5058550464,-200.374176978758,44.0194048510875,-0.761414527586226,0,920.316833496094,607.933532714844,0.999812590659417,-0.0193593274393785,0.0193593274393784,0.999812590659417
