CurrentTime,index,name,selectROI,Vx,Vy,row,col
0,1,out-1-V,tile-1,0,0,1,1
0,2,out-2-V,tile-2,0,0,2,1
0,3,out-3-V,tile-3,0,0,3,1
0,4,out-4-V,tile-4,0,0,1,2
0,5,out-5-V,tile-5,0,0,2,2
0,6,out-6-V,tile-6,0,0,3,2
0,7,out-7-V,tile-7,0,0,1,3
0,8,out-8-V,tile-8,0,0,2,3
0,9,out-9-V,tile-9,0,0,3,3
0.0333333333333333,1,out-1-V,tile-1,-7.515257,-7.515253,1,1
0.0333333333333333,2,out-2-V,tile-2,-7.689487,0,2,1
0.0333333333333333,3,out-3-V,tile-3,-7.475595,7.47559,3,1
0.0333333333333333,4,out-4-V,tile-4,0,-7.689483,1,2
0.0333333333333333,5,out-5-V,tile-5,-0.1019981,0.1300072,2,2
0.0333333333333333,6,out-6-V,tile-6,0,7.689483,3,2
0.0333333333333333,7,out-7-V,tile-7,7.475597,-7.47559,1,3
0.0333333333333333,8,out-8-V,tile-8,7.68949,0,2,3
0.0333333333333333,9,out-9-V,tile-9,7.515259,7.515254,3,3
0.0666666666666667,1,out-1-V,tile-1,-7.515257,-7.515253,1,1
0.0666666666666667,2,out-2-V,tile-2,-7.689487,0,2,1
0.0666666666666667,3,out-3-V,tile-3,-7.475595,7.47559,3,1
0.0666666666666667,4,out-4-V,tile-4,0,-7.689483,1,2
0.0666666666666667,5,out-5-V,tile-5,-0.05385296,2.572318,2,2
0.0666666666666667,6,out-6-V,tile-6,0,7.689483,3,2
0.0666666666666667,7,out-7-V,tile-7,7.475597,-7.47559,1,3
0.0666666666666667,8,out-8-V,tile-8,7.68949,0,2,3
0.0666666666666667,9,out-9-V,tile-9,7.515259,7.515254,3,3
0.1,1,out-1-V,tile-1,-7.515257,-7.515253,1,1
0.1,2,out-2-V,tile-2,-7.689487,0,2,1
0.1,3,out-3-V,tile-3,-7.475595,7.47559,3,1
0.1,4,out-4-V,tile-4,0,-7.689483,1,2
0.1,5,out-5-V,tile-5,-0.04890009,2.578089,2,2
0.1,6,out-6-V,tile-6,0,7.689483,3,2
0.1,7,out-7-V,tile-7,7.475597,-7.47559,1,3
0.1,8,out-8-V,tile-8,7.68949,0,2,3
0.1,9,out-9-V,tile-9,7.515259,7.515254,3,3
0.133333333333333,1,out-1-V,tile-1,-7.515257,-7.515253,1,1
0.133333333333333,2,out-2-V,tile-2,-7.689487,0,2,1
0.133333333333333,3,out-3-V,tile-3,-7.475595,7.47559,3,1
0.133333333333333,4,out-4-V,tile-4,0,-7.689483,1,2
0.133333333333333,5,out-5-V,tile-5,-0.04737723,2.579517,2,2
0.133333333333333,6,out-6-V,tile-6,0,7.689483,3,2
0.133333333333333,7,out-7-V,tile-7,7.475597,-7.47559,1,3
0.133333333333333,8,out-8-V,tile-8,7.68949,0,2,3
0.133333333333333,9,out-9-V,tile-9,7.515259,7.515254,3,3
0.166666666666667,1,out-1-V,tile-1,-7.515257,-7.515253,1,1
0.166666666666667,2,out-2-V,tile-2,-7.689487,0,2,1
0.166666666666667,3,out-3-V,tile-3,-7.475595,7.47559,3,1
0.166666666666667,4,out-4-V,tile-4,0,-7.689483,1,2
0.166666666666667,5,out-5-V,tile-5,-0.02508026,4.974051,2,2
0.166666666666667,6,out-6-V,tile-6,0,7.689483,3,2
0.166666666666667,7,out-7-V,tile-7,7.475597,-7.47559,1,3
0.166666666666667,8,out-8-V,tile-8,7.68949,0,2,3
0.166666666666667,9,out-9-V,tile-9,7.515259,7.515254,3,3
0.2,1,out-1-V,tile-1,-7.515257,-7.515253,1,1
0.2,2,out-2-V,tile-2,-7.689487,0,2,1
0.2,3,out-3-V,tile-3,-7.475595,7.47559,3,1
0.2,4,out-4-V,tile-4,0,-7.689483,1,2
0.2,5,out-5-V,tile-5,-0.01196445,4.97636,2,2
0.2,6,out-6-V,tile-6,0,7.689483,3,2
0.2,7,out-7-V,tile-7,7.475597,-7.47559,1,3
0.2,8,out-8-V,tile-8,7.68949,0,2,3
0.2,9,out-9-V,tile-9,7.515259,7.515254,3,3
0.233333333333333,1,out-1-V,tile-1,-7.515257,-7.515253,1,1
0.233333333333333,2,out-2-V,tile-2,-7.689487,0,2,1
0.233333333333333,3,out-3-V,tile-3,-7.475595,7.47559,3,1
0.233333333333333,4,out-4-V,tile-4,0,-7.689483,1,2
0.233333333333333,5,out-5-V,tile-5,-0.01196445,4.97636,2,2
0.233333333333333,6,out-6-V,tile-6,0,7.689483,3,2
0.233333333333333,7,out-7-V,tile-7,7.475597,-7.47559,1,3
0.233333333333333,8,out-8-V,tile-8,7.68949,0,2,3
0.233333333333333,9,out-9-V,tile-9,7.515259,7.515254,3,3
0.266666666666667,1,out-1-V,tile-1,-7.515257,-7.515253,1,1
0.266666666666667,2,out-2-V,tile-2,-7.689487,0,2,1
0.266666666666667,3,out-3-V,tile-3,-7.475595,7.47559,3,1
0.266666666666667,4,out-4-V,tile-4,0,-7.689483,1,2
0.266666666666667,5,out-5-V,tile-5,0.04956861,7.42307,2,2
0.266666666666667,6,out-6-V,tile-6,0,7.689483,3,2
0.266666666666667,7,out-7-V,tile-7,7.475597,-7.47559,1,3
0.266666666666667,8,out-8-V,tile-8,7.68949,0,2,3
0.266666666666667,9,out-9-V,tile-9,7.515259,7.515254,3,3
0.3,1,out-1-V,tile-1,-7.515257,-7.515253,1,1
0.3,2,out-2-V,tile-2,-7.689487,0,2,1
0.3,3,out-3-V,tile-3,-7.475595,7.47559,3,1
0.3,4,out-4-V,tile-4,0,-7.689483,1,2
0.3,5,out-5-V,tile-5,0.05653977,7.425473,2,2
0.3,6,out-6-V,tile-6,0,7.689483,3,2
0.3,7,out-7-V,tile-7,7.475597,-7.47559,1,3
0.3,8,out-8-V,tile-8,7.68949,0,2,3
0.3,9,out-9-V,tile-9,7.515259,7.515254,3,3
0.333333333333333,1,out-1-V,tile-1,-7.515257,-7.515253,1,1
0.333333333333333,2,out-2-V,tile-2,-7.689487,0,2,1
0.333333333333333,3,out-3-V,tile-3,-7.475595,7.47559,3,1
0.333333333333333,4,out-4-V,tile-4,0,-7.689483,1,2
0.333333333333333,5,out-5-V,tile-5,0.05418988,7.428097,2,2
0.333333333333333,6,out-6-V,tile-6,0,7.689483,3,2
0.333333333333333,7,out-7-V,tile-7,7.475597,-7.47559,1,3
0.333333333333333,8,out-8-V,tile-8,7.68949,0,2,3
0.333333333333333,9,out-9-V,tile-9,7.515259,7.515254,3,3
0.366666666666667,1,out-1-V,tile-1,-7.515257,-7.515253,1,1
0.366666666666667,2,out-2-V,tile-2,-7.689487,0,2,1
0.366666666666667,3,out-3-V,tile-3,-7.475595,7.47559,3,1
0.366666666666667,4,out-4-V,tile-4,0,-7.689483,1,2
0.366666666666667,5,out-5-V,tile-5,0.1185472,9.875003,2,2
0.366666666666667,6,out-6-V,tile-6,0,7.689483,3,2
0.366666666666667,7,out-7-V,tile-7,7.475597,-7.47559,1,3
0.366666666666667,8,out-8-V,tile-8,7.68949,0,2,3
0.366666666666667,9,out-9-V,tile-9,7.515259,7.515254,3,3
0.4,1,out-1-V,tile-1,-7.515257,-7.515253,1,1
0.4,2,out-2-V,tile-2,-7.689487,0,2,1
0.4,3,out-3-V,tile-3,-7.475595,7.47559,3,1
0.4,4,out-4-V,tile-4,0,-7.689483,1,2
0.4,5,out-5-V,tile-5,0.1259341,9.870122,2,2
0.4,6,out-6-V,tile-6,0,7.689483,3,2
0.4,7,out-7-V,tile-7,7.475597,-7.47559,1,3
0.4,8,out-8-V,tile-8,7.68949,0,2,3
0.4,9,out-9-V,tile-9,7.515259,7.515254,3,3
0.433333333333333,1,out-1-V,tile-1,-7.515257,-7.515253,1,1
0.433333333333333,2,out-2-V,tile-2,-7.689487,0,2,1
0.433333333333333,3,out-3-V,tile-3,-7.475595,7.47559,3,1
0.433333333333333,4,out-4-V,tile-4,0,-7.689483,1,2
0.433333333333333,5,out-5-V,tile-5,0.1248178,9.876137,2,2
0.433333333333333,6,out-6-V,tile-6,0,7.689483,3,2
0.433333333333333,7,out-7-V,tile-7,7.475597,-7.47559,1,3
0.433333333333333,8,out-8-V,tile-8,7.68949,0,2,3
0.433333333333333,9,out-9-V,tile-9,7.515259,7.515254,3,3
0.466666666666667,1,out-1-V,tile-1,-7.515257,-7.515253,1,1
0.466666666666667,2,out-2-V,tile-2,-7.689487,0,2,1
0.466666666666667,3,out-3-V,tile-3,-7.475595,7.47559,3,1
0.466666666666667,4,out-4-V,tile-4,0,-7.689483,1,2
0.466666666666667,5,out-5-V,tile-5,0.2028413,12.32318,2,2
0.466666666666667,6,out-6-V,tile-6,0,7.689483,3,2
0.466666666666667,7,out-7-V,tile-7,7.475597,-7.47559,1,3
0.466666666666667,8,out-8-V,tile-8,7.68949,0,2,3
0.466666666666667,9,out-9-V,tile-9,7.515259,7.515254,3,3
0.5,1,out-1-V,tile-1,-7.515257,-7.515253,1,1
0.5,2,out-2-V,tile-2,-7.689487,0,2,1
0.5,3,out-3-V,tile-3,-7.475595,7.47559,3,1
0.5,4,out-4-V,tile-4,0,-7.689483,1,2
0.5,5,out-5-V,tile-5,0.2028413,12.32318,2,2
0.5,6,out-6-V,tile-6,0,7.689483,3,2
0.5,7,out-7-V,tile-7,7.475597,-7.47559,1,3
0.5,8,out-8-V,tile-8,7.68949,0,2,3
0.5,9,out-9-V,tile-9,7.515259,7.515254,3,3
0.533333333333333,1,out-1-V,tile-1,-7.515257,-7.515253,1,1
0.533333333333333,2,out-2-V,tile-2,-7.689487,0,2,1
0.533333333333333,3,out-3-V,tile-3,-7.475595,7.47559,3,1
0.533333333333333,4,out-4-V,tile-4,0,-7.689483,1,2
0.533333333333333,5,out-5-V,tile-5,0.2035518,12.32318,2,2
0.533333333333333,6,out-6-V,tile-6,0,7.689483,3,2
0.533333333333333,7,out-7-V,tile-7,7.475597,-7.47559,1,3
0.533333333333333,8,out-8-V,tile-8,7.68949,0,2,3
0.533333333333333,9,out-9-V,tile-9,7.515259,7.515254,3,3
0.566666666666667,1,out-1-V,tile-1,-7.515257,-7.515253,1,1
0.566666666666667,2,out-2-V,tile-2,-7.689487,0,2,1
0.566666666666667,3,out-3-V,tile-3,-7.475595,7.47559,3,1
0.566666666666667,4,out-4-V,tile-4,0,-7.689483,1,2
0.566666666666667,5,out-5-V,tile-5,0.2726934,14.7755,2,2
0.566666666666667,6,out-6-V,tile-6,0,7.689483,3,2
0.566666666666667,7,out-7-V,tile-7,7.475597,-7.47559,1,3
0.566666666666667,8,out-8-V,tile-8,7.68949,0,2,3
0.566666666666667,9,out-9-V,tile-9,7.515259,7.515254,3,3
0.6,1,out-1-V,tile-1,-7.515257,-7.515253,1,1
0.6,2,out-2-V,tile-2,-7.689487,0,2,1
0.6,3,out-3-V,tile-3,-7.475595,7.47559,3,1
0.6,4,out-4-V,tile-4,0,-7.689483,1,2
0.6,5,out-5-V,tile-5,-0.004235923,5.922117,2,2
0.6,6,out-6-V,tile-6,0,7.689483,3,2
0.6,7,out-7-V,tile-7,7.475597,-7.47559,1,3
0.6,8,out-8-V,tile-8,7.68949,0,2,3
0.6,9,out-9-V,tile-9,7.515259,7.515254,3,3
0.633333333333333,1,out-1-V,tile-1,-7.515257,-7.515253,1,1
0.633333333333333,2,out-2-V,tile-2,-7.689487,0,2,1
0.633333333333333,3,out-3-V,tile-3,-7.475595,7.47559,3,1
0.633333333333333,4,out-4-V,tile-4,0,-7.689483,1,2
0.633333333333333,5,out-5-V,tile-5,-0.004235923,5.922117,2,2
0.633333333333333,6,out-6-V,tile-6,0,7.689483,3,2
0.633333333333333,7,out-7-V,tile-7,7.475597,-7.47559,1,3
0.633333333333333,8,out-8-V,tile-8,7.68949,0,2,3
0.633333333333333,9,out-9-V,tile-9,7.515259,7.515254,3,3
0.666666666666667,1,out-1-V,tile-1,-7.515257,-7.515253,1,1
0.666666666666667,2,out-2-V,tile-2,-7.689487,0,2,1
0.666666666666667,3,out-3-V,tile-3,-7.475595,7.47559,3,1
0.666666666666667,4,out-4-V,tile-4,0,-7.689483,1,2
0.666666666666667,5,out-5-V,tile-5,0.07256061,8.375435,2,2
0.666666666666667,6,out-6-V,tile-6,0,7.689483,3,2
0.666666666666667,7,out-7-V,tile-7,7.475597,-7.47559,1,3
0.666666666666667,8,out-8-V,tile-8,7.68949,0,2,3
0.666666666666667,9,out-9-V,tile-9,7.515259,7.515254,3,3
0.7,1,out-1-V,tile-1,-7.515257,-7.515253,1,1
0.7,2,out-2-V,tile-2,-7.689487,0,2,1
0.7,3,out-3-V,tile-3,-7.475595,7.47559,3,1
0.7,4,out-4-V,tile-4,0,-7.689483,1,2
0.7,5,out-5-V,tile-5,0.07237604,8.377433,2,2
0.7,6,out-6-V,tile-6,0,7.689483,3,2
0.7,7,out-7-V,tile-7,7.475597,-7.47559,1,3
0.7,8,out-8-V,tile-8,7.68949,0,2,3
0.7,9,out-9-V,tile-9,7.515259,7.515254,3,3
0.733333333333333,1,out-1-V,tile-1,-7.515257,-7.515253,1,1
0.733333333333333,2,out-2-V,tile-2,-7.689487,0,2,1
0.733333333333333,3,out-3-V,tile-3,-7.475595,7.47559,3,1
0.733333333333333,4,out-4-V,tile-4,0,-7.689483,1,2
0.733333333333333,5,out-5-V,tile-5,0.0713602,8.375784,2,2
0.733333333333333,6,out-6-V,tile-6,0,7.689483,3,2
0.733333333333333,7,out-7-V,tile-7,7.475597,-7.47559,1,3
0.733333333333333,8,out-8-V,tile-8,7.68949,0,2,3
0.733333333333333,9,out-9-V,tile-9,7.515259,7.515254,3,3
0.766666666666667,1,out-1-V,tile-1,-7.515257,-7.515253,1,1
0.766666666666667,2,out-2-V,tile-2,-7.689487,0,2,1
0.766666666666667,3,out-3-V,tile-3,-7.475595,7.47559,3,1
0.766666666666667,4,out-4-V,tile-4,0,-7.689483,1,2
0.766666666666667,5,out-5-V,tile-5,0.147914,10.82741,2,2
0.766666666666667,6,out-6-V,tile-6,0,7.689483,3,2
0.766666666666667,7,out-7-V,tile-7,7.475597,-7.47559,1,3
0.766666666666667,8,out-8-V,tile-8,7.68949,0,2,3
0.766666666666667,9,out-9-V,tile-9,7.515259,7.515254,3,3
0.8,1,out-1-V,tile-1,-7.515257,-7.515253,1,1
0.8,2,out-2-V,tile-2,-7.689487,0,2,1
0.8,3,out-3-V,tile-3,-7.475595,7.47559,3,1
0.8,4,out-4-V,tile-4,0,-7.689483,1,2
0.8,5,out-5-V,tile-5,0.147914,10.82741,2,2
0.8,6,out-6-V,tile-6,0,7.689483,3,2
0.8,7,out-7-V,tile-7,7.475597,-7.47559,1,3
0.8,8,out-8-V,tile-8,7.68949,0,2,3
0.8,9,out-9-V,tile-9,7.515259,7.515254,3,3
0.833333333333333,1,out-1-V,tile-1,-7.515257,-7.515253,1,1
0.833333333333333,2,out-2-V,tile-2,-7.689487,0,2,1
0.833333333333333,3,out-3-V,tile-3,-7.475595,7.47559,3,1
0.833333333333333,4,out-4-V,tile-4,0,-7.689483,1,2
0.833333333333333,5,out-5-V,tile-5,0.147914,10.82741,2,2
0.833333333333333,6,out-6-V,tile-6,0,7.689483,3,2
0.833333333333333,7,out-7-V,tile-7,7.475597,-7.47559,1,3
0.833333333333333,8,out-8-V,tile-8,7.68949,0,2,3
0.833333333333333,9,out-9-V,tile-9,7.515259,7.515254,3,3
0.866666666666667,1,out-1-V,tile-1,-7.515257,-7.515253,1,1
0.866666666666667,2,out-2-V,tile-2,-7.689487,0,2,1
0.866666666666667,3,out-3-V,tile-3,-7.475595,7.47559,3,1
0.866666666666667,4,out-4-V,tile-4,0,-7.689483,1,2
0.866666666666667,5,out-5-V,tile-5,0.2242459,13.28064,2,2
0.866666666666667,6,out-6-V,tile-6,0,7.689483,3,2
0.866666666666667,7,out-7-V,tile-7,7.475597,-7.47559,1,3
0.866666666666667,8,out-8-V,tile-8,7.68949,0,2,3
0.866666666666667,9,out-9-V,tile-9,7.515259,7.515254,3,3
0.9,1,out-1-V,tile-1,-7.515257,-7.515253,1,1
0.9,2,out-2-V,tile-2,-7.689487,0,2,1
0.9,3,out-3-V,tile-3,-7.475595,7.47559,3,1
0.9,4,out-4-V,tile-4,0,-7.689483,1,2
0.9,5,out-5-V,tile-5,0.2242459,13.28064,2,2
0.9,6,out-6-V,tile-6,0,7.689483,3,2
0.9,7,out-7-V,tile-7,7.475597,-7.47559,1,3
0.9,8,out-8-V,tile-8,7.68949,0,2,3
0.9,9,out-9-V,tile-9,7.515259,7.515254,3,3
0.933333333333333,1,out-1-V,tile-1,-7.515257,-7.515253,1,1
0.933333333333333,2,out-2-V,tile-2,-7.689487,0,2,1
0.933333333333333,3,out-3-V,tile-3,-7.475595,7.47559,3,1
0.933333333333333,4,out-4-V,tile-4,0,-7.689483,1,2
0.933333333333333,5,out-5-V,tile-5,0.2242459,13.28064,2,2
0.933333333333333,6,out-6-V,tile-6,0,7.689483,3,2
0.933333333333333,7,out-7-V,tile-7,7.475597,-7.47559,1,3
0.933333333333333,8,out-8-V,tile-8,7.68949,0,2,3
0.933333333333333,9,out-9-V,tile-9,7.515259,7.515254,3,3
0.966666666666667,1,out-1-V,tile-1,-7.515257,-7.515253,1,1
0.966666666666667,2,out-2-V,tile-2,-7.689487,0,2,1
0.966666666666667,3,out-3-V,tile-3,-7.475595,7.47559,3,1
0.966666666666667,4,out-4-V,tile-4,0,-7.689483,1,2
0.966666666666667,5,out-5-V,tile-5,0.3111594,15.72472,2,2
0.966666666666667,6,out-6-V,tile-6,0,7.689483,3,2
0.966666666666667,7,out-7-V,tile-7,7.475597,-7.47559,1,3
0.966666666666667,8,out-8-V,tile-8,7.68949,0,2,3
0.966666666666667,9,out-9-V,tile-9,7.515259,7.515254,3,3
1,1,out-1-V,tile-1,-7.515257,-7.515253,1,1
1,2,out-2-V,tile-2,-7.689487,0,2,1
1,3,out-3-V,tile-3,-7.475595,7.47559,3,1
1,4,out-4-V,tile-4,0,-7.689483,1,2
1,5,out-5-V,tile-5,0.307159,15.73073,2,2
1,6,out-6-V,tile-6,0,7.689483,3,2
1,7,out-7-V,tile-7,7.475597,-7.47559,1,3
1,8,out-8-V,tile-8,7.68949,0,2,3
1,9,out-9-V,tile-9,7.515259,7.515254,3,3
1.03333333333333,1,out-1-V,tile-1,-7.515257,-7.515253,1,1
1.03333333333333,2,out-2-V,tile-2,-7.689487,0,2,1
1.03333333333333,3,out-3-V,tile-3,-7.475595,7.47559,3,1
1.03333333333333,4,out-4-V,tile-4,0,-7.689483,1,2
1.03333333333333,5,out-5-V,tile-5,0.2986488,15.72909,2,2
1.03333333333333,6,out-6-V,tile-6,0,7.689483,3,2
1.03333333333333,7,out-7-V,tile-7,7.475597,-7.47559,1,3
1.03333333333333,8,out-8-V,tile-8,7.68949,0,2,3
1.03333333333333,9,out-9-V,tile-9,7.515259,7.515254,3,3
1.06666666666667,1,out-1-V,tile-1,-7.515257,-7.515253,1,1
1.06666666666667,2,out-2-V,tile-2,-7.689487,0,2,1
1.06666666666667,3,out-3-V,tile-3,-7.475595,7.47559,3,1
1.06666666666667,4,out-4-V,tile-4,0,-7.689483,1,2
1.06666666666667,5,out-5-V,tile-5,0.3764117,18.17652,2,2
1.06666666666667,6,out-6-V,tile-6,0,7.689483,3,2
1.06666666666667,7,out-7-V,tile-7,7.475597,-7.47559,1,3
1.06666666666667,8,out-8-V,tile-8,7.68949,0,2,3
1.06666666666667,9,out-9-V,tile-9,7.515259,7.515254,3,3
1.1,1,out-1-V,tile-1,-7.515257,-7.515253,1,1
1.1,2,out-2-V,tile-2,-7.689487,0,2,1
1.1,3,out-3-V,tile-3,-7.475595,7.47559,3,1
1.1,4,out-4-V,tile-4,0,-7.689483,1,2
1.1,5,out-5-V,tile-5,0.3757036,18.17651,2,2
1.1,6,out-6-V,tile-6,0,7.689483,3,2
1.1,7,out-7-V,tile-7,7.475597,-7.47559,1,3
1.1,8,out-8-V,tile-8,7.68949,0,2,3
1.1,9,out-9-V,tile-9,7.515259,7.515254,3,3
1.13333333333333,1,out-1-V,tile-1,-7.515257,-7.515253,1,1
1.13333333333333,2,out-2-V,tile-2,-7.689487,0,2,1
1.13333333333333,3,out-3-V,tile-3,-7.475595,7.47559,3,1
1.13333333333333,4,out-4-V,tile-4,0,-7.689483,1,2
1.13333333333333,5,out-5-V,tile-5,0.3757036,18.17651,2,2
1.13333333333333,6,out-6-V,tile-6,0,7.689483,3,2
1.13333333333333,7,out-7-V,tile-7,7.475597,-7.47559,1,3
1.13333333333333,8,out-8-V,tile-8,7.68949,0,2,3
1.13333333333333,9,out-9-V,tile-9,7.515259,7.515254,3,3
1.16666666666667,1,out-1-V,tile-1,-7.515257,-7.515253,1,1
1.16666666666667,2,out-2-V,tile-2,-7.689487,0,2,1
1.16666666666667,3,out-3-V,tile-3,-7.475595,7.47559,3,1
1.16666666666667,4,out-4-V,tile-4,0,-7.689483,1,2
1.16666666666667,5,out-5-V,tile-5,0.4451463,20.6287,2,2
1.16666666666667,6,out-6-V,tile-6,0,7.689483,3,2
1.16666666666667,7,out-7-V,tile-7,7.475597,-7.47559,1,3
1.16666666666667,8,out-8-V,tile-8,7.68949,0,2,3
1.16666666666667,9,out-9-V,tile-9,7.515259,7.515254,3,3
1.2,1,out-1-V,tile-1,-7.515257,-7.515253,1,1
1.2,2,out-2-V,tile-2,-7.689487,0,2,1
1.2,3,out-3-V,tile-3,-7.475595,7.47559,3,1
1.2,4,out-4-V,tile-4,0,-7.689483,1,2
1.2,5,out-5-V,tile-5,0.1716482,11.78455,2,2
1.2,6,out-6-V,tile-6,0,7.689483,3,2
1.2,7,out-7-V,tile-7,7.475597,-7.47559,1,3
1.2,8,out-8-V,tile-8,7.68949,0,2,3
1.2,9,out-9-V,tile-9,7.515259,7.515254,3,3
1.23333333333333,1,out-1-V,tile-1,-7.515257,-7.515253,1,1
1.23333333333333,2,out-2-V,tile-2,-7.689487,0,2,1
1.23333333333333,3,out-3-V,tile-3,-7.475595,7.47559,3,1
1.23333333333333,4,out-4-V,tile-4,0,-7.689483,1,2
1.23333333333333,5,out-5-V,tile-5,0.1715645,11.78457,2,2
1.23333333333333,6,out-6-V,tile-6,0,7.689483,3,2
1.23333333333333,7,out-7-V,tile-7,7.475597,-7.47559,1,3
1.23333333333333,8,out-8-V,tile-8,7.68949,0,2,3
1.23333333333333,9,out-9-V,tile-9,7.515259,7.515254,3,3
1.26666666666667,1,out-1-V,tile-1,-7.515257,-7.515253,1,1
1.26666666666667,2,out-2-V,tile-2,-7.689487,0,2,1
1.26666666666667,3,out-3-V,tile-3,-7.475595,7.47559,3,1
1.26666666666667,4,out-4-V,tile-4,0,-7.689483,1,2
1.26666666666667,5,out-5-V,tile-5,0.2480372,14.23802,2,2
1.26666666666667,6,out-6-V,tile-6,0,7.689483,3,2
1.26666666666667,7,out-7-V,tile-7,7.475597,-7.47559,1,3
1.26666666666667,8,out-8-V,tile-8,7.68949,0,2,3
1.26666666666667,9,out-9-V,tile-9,7.515259,7.515254,3,3
1.3,1,out-1-V,tile-1,-7.515257,-7.515253,1,1
1.3,2,out-2-V,tile-2,-7.689487,0,2,1
1.3,3,out-3-V,tile-3,-7.475595,7.47559,3,1
1.3,4,out-4-V,tile-4,0,-7.689483,1,2
1.3,5,out-5-V,tile-5,0.2480372,14.23802,2,2
1.3,6,out-6-V,tile-6,0,7.689483,3,2
1.3,7,out-7-V,tile-7,7.475597,-7.47559,1,3
1.3,8,out-8-V,tile-8,7.68949,0,2,3
1.3,9,out-9-V,tile-9,7.515259,7.515254,3,3
1.33333333333333,1,out-1-V,tile-1,-7.515257,-7.515253,1,1
1.33333333333333,2,out-2-V,tile-2,-7.689487,0,2,1
1.33333333333333,3,out-3-V,tile-3,-7.475595,7.47559,3,1
1.33333333333333,4,out-4-V,tile-4,0,-7.689483,1,2
1.33333333333333,5,out-5-V,tile-5,0.2480372,14.23802,2,2
1.33333333333333,6,out-6-V,tile-6,0,7.689483,3,2
1.33333333333333,7,out-7-V,tile-7,7.475597,-7.47559,1,3
1.33333333333333,8,out-8-V,tile-8,7.68949,0,2,3
1.33333333333333,9,out-9-V,tile-9,7.515259,7.515254,3,3
1.36666666666667,1,out-1-V,tile-1,-7.515257,-7.515253,1,1
1.36666666666667,2,out-2-V,tile-2,-7.689487,0,2,1
1.36666666666667,3,out-3-V,tile-3,-7.475595,7.47559,3,1
1.36666666666667,4,out-4-V,tile-4,0,-7.689483,1,2
1.36666666666667,5,out-5-V,tile-5,0.330137,16.6985,2,2
1.36666666666667,6,out-6-V,tile-6,0,7.689483,3,2
1.36666666666667,7,out-7-V,tile-7,7.475597,-7.47559,1,3
1.36666666666667,8,out-8-V,tile-8,7.68949,0,2,3
1.36666666666667,9,out-9-V,tile-9,7.515259,7.515254,3,3
1.4,1,out-1-V,tile-1,-7.515257,-7.515253,1,1
1.4,2,out-2-V,tile-2,-7.689487,0,2,1
1.4,3,out-3-V,tile-3,-7.475595,7.47559,3,1
1.4,4,out-4-V,tile-4,0,-7.689483,1,2
1.4,5,out-5-V,tile-5,0.330137,16.6985,2,2
1.4,6,out-6-V,tile-6,0,7.689483,3,2
1.4,7,out-7-V,tile-7,7.475597,-7.47559,1,3
1.4,8,out-8-V,tile-8,7.68949,0,2,3
1.4,9,out-9-V,tile-9,7.515259,7.515254,3,3
1.43333333333333,1,out-1-V,tile-1,-7.515257,-7.515253,1,1
1.43333333333333,2,out-2-V,tile-2,-7.689487,0,2,1
1.43333333333333,3,out-3-V,tile-3,-7.475595,7.47559,3,1
1.43333333333333,4,out-4-V,tile-4,0,-7.689483,1,2
1.43333333333333,5,out-5-V,tile-5,0.330137,16.6985,2,2
1.43333333333333,6,out-6-V,tile-6,0,7.689483,3,2
1.43333333333333,7,out-7-V,tile-7,7.475597,-7.47559,1,3
1.43333333333333,8,out-8-V,tile-8,7.68949,0,2,3
1.43333333333333,9,out-9-V,tile-9,7.515259,7.515254,3,3
1.46666666666667,1,out-1-V,tile-1,-7.515257,-7.515253,1,1
1.46666666666667,2,out-2-V,tile-2,-7.689487,0,2,1
1.46666666666667,3,out-3-V,tile-3,-7.475595,7.47559,3,1
1.46666666666667,4,out-4-V,tile-4,0,-7.689483,1,2
1.46666666666667,5,out-5-V,tile-5,0.4054401,19.15077,2,2
1.46666666666667,6,out-6-V,tile-6,0,7.689483,3,2
1.46666666666667,7,out-7-V,tile-7,7.475597,-7.47559,1,3
1.46666666666667,8,out-8-V,tile-8,7.68949,0,2,3
1.46666666666667,9,out-9-V,tile-9,7.515259,7.515254,3,3
1.5,1,out-1-V,tile-1,-7.515257,-7.515253,1,1
1.5,2,out-2-V,tile-2,-7.689487,0,2,1
1.5,3,out-3-V,tile-3,-7.475595,7.47559,3,1
1.5,4,out-4-V,tile-4,0,-7.689483,1,2
1.5,5,out-5-V,tile-5,0.4124112,19.15317,2,2
1.5,6,out-6-V,tile-6,0,7.689483,3,2
1.5,7,out-7-V,tile-7,7.475597,-7.47559,1,3
1.5,8,out-8-V,tile-8,7.68949,0,2,3
1.5,9,out-9-V,tile-9,7.515259,7.515254,3,3
1.53333333333333,1,out-1-V,tile-1,-7.515257,-7.515253,1,1
1.53333333333333,2,out-2-V,tile-2,-7.689487,0,2,1
1.53333333333333,3,out-3-V,tile-3,-7.475595,7.47559,3,1
1.53333333333333,4,out-4-V,tile-4,0,-7.689483,1,2
1.53333333333333,5,out-5-V,tile-5,0.4100614,19.1558,2,2
1.53333333333333,6,out-6-V,tile-6,0,7.689483,3,2
1.53333333333333,7,out-7-V,tile-7,7.475597,-7.47559,1,3
1.53333333333333,8,out-8-V,tile-8,7.68949,0,2,3
1.53333333333333,9,out-9-V,tile-9,7.515259,7.515254,3,3
1.56666666666667,1,out-1-V,tile-1,-7.515257,-7.515253,1,1
1.56666666666667,2,out-2-V,tile-2,-7.689487,0,2,1
1.56666666666667,3,out-3-V,tile-3,-7.475595,7.47559,3,1
1.56666666666667,4,out-4-V,tile-4,0,-7.689483,1,2
1.56666666666667,5,out-5-V,tile-5,0.483781,21.6009,2,2
1.56666666666667,6,out-6-V,tile-6,0,7.689483,3,2
1.56666666666667,7,out-7-V,tile-7,7.475597,-7.47559,1,3
1.56666666666667,8,out-8-V,tile-8,7.68949,0,2,3
1.56666666666667,9,out-9-V,tile-9,7.515259,7.515254,3,3
1.6,1,out-1-V,tile-1,-7.515257,-7.515253,1,1
1.6,2,out-2-V,tile-2,-7.689487,0,2,1
1.6,3,out-3-V,tile-3,-7.475595,7.47559,3,1
1.6,4,out-4-V,tile-4,0,-7.689483,1,2
1.6,5,out-5-V,tile-5,0.4849187,21.59484,2,2
1.6,6,out-6-V,tile-6,0,7.689483,3,2
1.6,7,out-7-V,tile-7,7.475597,-7.47559,1,3
1.6,8,out-8-V,tile-8,7.68949,0,2,3
1.6,9,out-9-V,tile-9,7.515259,7.515254,3,3
1.63333333333333,1,out-1-V,tile-1,-7.515257,-7.515253,1,1
1.63333333333333,2,out-2-V,tile-2,-7.689487,0,2,1
1.63333333333333,3,out-3-V,tile-3,-7.475595,7.47559,3,1
1.63333333333333,4,out-4-V,tile-4,0,-7.689483,1,2
1.63333333333333,5,out-5-V,tile-5,0.4838024,21.60085,2,2
1.63333333333333,6,out-6-V,tile-6,0,7.689483,3,2
1.63333333333333,7,out-7-V,tile-7,7.475597,-7.47559,1,3
1.63333333333333,8,out-8-V,tile-8,7.68949,0,2,3
1.63333333333333,9,out-9-V,tile-9,7.515259,7.515254,3,3
1.66666666666667,1,out-1-V,tile-1,-7.515257,-7.515253,1,1
1.66666666666667,2,out-2-V,tile-2,-7.689487,0,2,1
1.66666666666667,3,out-3-V,tile-3,-7.475595,7.47559,3,1
1.66666666666667,4,out-4-V,tile-4,0,-7.689483,1,2
1.66666666666667,5,out-5-V,tile-5,0.5615021,24.04803,2,2
1.66666666666667,6,out-6-V,tile-6,0,7.689483,3,2
1.66666666666667,7,out-7-V,tile-7,7.475597,-7.47559,1,3
1.66666666666667,8,out-8-V,tile-8,7.68949,0,2,3
1.66666666666667,9,out-9-V,tile-9,7.515259,7.515254,3,3
1.7,1,out-1-V,tile-1,-7.515257,-7.515253,1,1
1.7,2,out-2-V,tile-2,-7.689487,0,2,1
1.7,3,out-3-V,tile-3,-7.475595,7.47559,3,1
1.7,4,out-4-V,tile-4,0,-7.689483,1,2
1.7,5,out-5-V,tile-5,0.5615021,24.04803,2,2
1.7,6,out-6-V,tile-6,0,7.689483,3,2
1.7,7,out-7-V,tile-7,7.475597,-7.47559,1,3
1.7,8,out-8-V,tile-8,7.68949,0,2,3
1.7,9,out-9-V,tile-9,7.515259,7.515254,3,3
1.73333333333333,1,out-1-V,tile-1,-7.515257,-7.515253,1,1
1.73333333333333,2,out-2-V,tile-2,-7.689487,0,2,1
1.73333333333333,3,out-3-V,tile-3,-7.475595,7.47559,3,1
1.73333333333333,4,out-4-V,tile-4,0,-7.689483,1,2
1.73333333333333,5,out-5-V,tile-5,0.5622125,24.04803,2,2
1.73333333333333,6,out-6-V,tile-6,0,7.689483,3,2
1.73333333333333,7,out-7-V,tile-7,7.475597,-7.47559,1,3
1.73333333333333,8,out-8-V,tile-8,7.68949,0,2,3
1.73333333333333,9,out-9-V,tile-9,7.515259,7.515254,3,3
1.76666666666667,1,out-1-V,tile-1,-7.515257,-7.515253,1,1
1.76666666666667,2,out-2-V,tile-2,-7.689487,0,2,1
1.76666666666667,3,out-3-V,tile-3,-7.475595,7.47559,3,1
1.76666666666667,4,out-4-V,tile-4,0,-7.689483,1,2
1.76666666666667,5,out-5-V,tile-5,0.6379194,26.50153,2,2
1.76666666666667,6,out-6-V,tile-6,0,7.689483,3,2
1.76666666666667,7,out-7-V,tile-7,7.475597,-7.47559,1,3
1.76666666666667,8,out-8-V,tile-8,7.68949,0,2,3
1.76666666666667,9,out-9-V,tile-9,7.515259,7.515254,3,3
1.8,1,out-1-V,tile-1,-7.515257,-7.515253,1,1
1.8,2,out-2-V,tile-2,-7.689487,0,2,1
1.8,3,out-3-V,tile-3,-7.475595,7.47559,3,1
1.8,4,out-4-V,tile-4,0,-7.689483,1,2
1.8,5,out-5-V,tile-5,0.3582752,17.65899,2,2
1.8,6,out-6-V,tile-6,0,7.689483,3,2
1.8,7,out-7-V,tile-7,7.475597,-7.47559,1,3
1.8,8,out-8-V,tile-8,7.68949,0,2,3
1.8,9,out-9-V,tile-9,7.515259,7.515254,3,3
1.83333333333333,1,out-1-V,tile-1,-7.515257,-7.515253,1,1
1.83333333333333,2,out-2-V,tile-2,-7.689487,0,2,1
1.83333333333333,3,out-3-V,tile-3,-7.475595,7.47559,3,1
1.83333333333333,4,out-4-V,tile-4,0,-7.689483,1,2
1.83333333333333,5,out-5-V,tile-5,0.3582752,17.65899,2,2
1.83333333333333,6,out-6-V,tile-6,0,7.689483,3,2
1.83333333333333,7,out-7-V,tile-7,7.475597,-7.47559,1,3
1.83333333333333,8,out-8-V,tile-8,7.68949,0,2,3
1.83333333333333,9,out-9-V,tile-9,7.515259,7.515254,3,3
1.86666666666667,1,out-1-V,tile-1,-7.515257,-7.515253,1,1
1.86666666666667,2,out-2-V,tile-2,-7.689487,0,2,1
1.86666666666667,3,out-3-V,tile-3,-7.475595,7.47559,3,1
1.86666666666667,4,out-4-V,tile-4,0,-7.689483,1,2
1.86666666666667,5,out-5-V,tile-5,0.4347479,20.11244,2,2
1.86666666666667,6,out-6-V,tile-6,0,7.689483,3,2
1.86666666666667,7,out-7-V,tile-7,7.475597,-7.47559,1,3
1.86666666666667,8,out-8-V,tile-8,7.68949,0,2,3
1.86666666666667,9,out-9-V,tile-9,7.515259,7.515254,3,3
1.9,1,out-1-V,tile-1,-7.515257,-7.515253,1,1
1.9,2,out-2-V,tile-2,-7.689487,0,2,1
1.9,3,out-3-V,tile-3,-7.475595,7.47559,3,1
1.9,4,out-4-V,tile-4,0,-7.689483,1,2
1.9,5,out-5-V,tile-5,0.4447635,20.11436,2,2
1.9,6,out-6-V,tile-6,0,7.689483,3,2
1.9,7,out-7-V,tile-7,7.475597,-7.47559,1,3
1.9,8,out-8-V,tile-8,7.68949,0,2,3
1.9,9,out-9-V,tile-9,7.515259,7.515254,3,3
1.93333333333333,1,out-1-V,tile-1,-7.515257,-7.515253,1,1
1.93333333333333,2,out-2-V,tile-2,-7.689487,0,2,1
1.93333333333333,3,out-3-V,tile-3,-7.475595,7.47559,3,1
1.93333333333333,4,out-4-V,tile-4,0,-7.689483,1,2
1.93333333333333,5,out-5-V,tile-5,0.4472055,20.11587,2,2
1.93333333333333,6,out-6-V,tile-6,0,7.689483,3,2
1.93333333333333,7,out-7-V,tile-7,7.475597,-7.47559,1,3
1.93333333333333,8,out-8-V,tile-8,7.68949,0,2,3
1.93333333333333,9,out-9-V,tile-9,7.515259,7.515254,3,3
1.96666666666667,1,out-1-V,tile-1,-7.515257,-7.515253,1,1
1.96666666666667,2,out-2-V,tile-2,-7.689487,0,2,1
1.96666666666667,3,out-3-V,tile-3,-7.475595,7.47559,3,1
1.96666666666667,4,out-4-V,tile-4,0,-7.689483,1,2
1.96666666666667,5,out-5-V,tile-5,0.5103722,22.57073,2,2
1.96666666666667,6,out-6-V,tile-6,0,7.689483,3,2
1.96666666666667,7,out-7-V,tile-7,7.475597,-7.47559,1,3
1.96666666666667,8,out-8-V,tile-8,7.68949,0,2,3
1.96666666666667,9,out-9-V,tile-9,7.515259,7.515254,3,3
2,1,out-1-V,tile-1,-7.515257,-7.515253,1,1
2,2,out-2-V,tile-2,-7.689487,0,2,1
2,3,out-3-V,tile-3,-7.475595,7.47559,3,1
2,4,out-4-V,tile-4,0,-7.689483,1,2
2,5,out-5-V,tile-5,0.5159975,22.57218,2,2
2,6,out-6-V,tile-6,0,7.689483,3,2
2,7,out-7-V,tile-7,7.475597,-7.47559,1,3
2,8,out-8-V,tile-8,7.68949,0,2,3
2,9,out-9-V,tile-9,7.515259,7.515254,3,3
2.03333333333333,1,out-1-V,tile-1,-7.515257,-7.515253,1,1
2.03333333333333,2,out-2-V,tile-2,-7.689487,0,2,1
2.03333333333333,3,out-3-V,tile-3,-7.475595,7.47559,3,1
2.03333333333333,4,out-4-V,tile-4,0,-7.689483,1,2
2.03333333333333,5,out-5-V,tile-5,0.5159975,22.57218,2,2
2.03333333333333,6,out-6-V,tile-6,0,7.689483,3,2
2.03333333333333,7,out-7-V,tile-7,7.475597,-7.47559,1,3
2.03333333333333,8,out-8-V,tile-8,7.68949,0,2,3
2.03333333333333,9,out-9-V,tile-9,7.515259,7.515254,3,3
2.06666666666667,1,out-1-V,tile-1,-7.515257,-7.515253,1,1
2.06666666666667,2,out-2-V,tile-2,-7.689487,0,2,1
2.06666666666667,3,out-3-V,tile-3,-7.475595,7.47559,3,1
2.06666666666667,4,out-4-V,tile-4,0,-7.689483,1,2
2.06666666666667,5,out-5-V,tile-5,0.5808639,25.02858,2,2
2.06666666666667,6,out-6-V,tile-6,0,7.689483,3,2
2.06666666666667,7,out-7-V,tile-7,7.475597,-7.47559,1,3
2.06666666666667,8,out-8-V,tile-8,7.68949,0,2,3
2.06666666666667,9,out-9-V,tile-9,7.515259,7.515254,3,3
2.1,1,out-1-V,tile-1,-7.515257,-7.515253,1,1
2.1,2,out-2-V,tile-2,-7.689487,0,2,1
2.1,3,out-3-V,tile-3,-7.475595,7.47559,3,1
2.1,4,out-4-V,tile-4,0,-7.689483,1,2
2.1,5,out-5-V,tile-5,0.5892985,25.03061,2,2
2.1,6,out-6-V,tile-6,0,7.689483,3,2
2.1,7,out-7-V,tile-7,7.475597,-7.47559,1,3
2.1,8,out-8-V,tile-8,7.68949,0,2,3
2.1,9,out-9-V,tile-9,7.515259,7.515254,3,3
2.13333333333333,1,out-1-V,tile-1,-7.515257,-7.515253,1,1
2.13333333333333,2,out-2-V,tile-2,-7.689487,0,2,1
2.13333333333333,3,out-3-V,tile-3,-7.475595,7.47559,3,1
2.13333333333333,4,out-4-V,tile-4,0,-7.689483,1,2
2.13333333333333,5,out-5-V,tile-5,0.5957514,25.03198,2,2
2.13333333333333,6,out-6-V,tile-6,0,7.689483,3,2
2.13333333333333,7,out-7-V,tile-7,7.475597,-7.47559,1,3
2.13333333333333,8,out-8-V,tile-8,7.68949,0,2,3
2.13333333333333,9,out-9-V,tile-9,7.515259,7.515254,3,3
2.16666666666667,1,out-1-V,tile-1,-7.515257,-7.515253,1,1
2.16666666666667,2,out-2-V,tile-2,-7.689487,0,2,1
2.16666666666667,3,out-3-V,tile-3,-7.475595,7.47559,3,1
2.16666666666667,4,out-4-V,tile-4,0,-7.689483,1,2
2.16666666666667,5,out-5-V,tile-5,0.6783453,27.48798,2,2
2.16666666666667,6,out-6-V,tile-6,0,7.689483,3,2
2.16666666666667,7,out-7-V,tile-7,7.475597,-7.47559,1,3
2.16666666666667,8,out-8-V,tile-8,7.68949,0,2,3
2.16666666666667,9,out-9-V,tile-9,7.515259,7.515254,3,3
2.2,1,out-1-V,tile-1,-7.515257,-7.515253,1,1
2.2,2,out-2-V,tile-2,-7.689487,0,2,1
2.2,3,out-3-V,tile-3,-7.475595,7.47559,3,1
2.2,4,out-4-V,tile-4,0,-7.689483,1,2
2.2,5,out-5-V,tile-5,0.6783453,27.48798,2,2
2.2,6,out-6-V,tile-6,0,7.689483,3,2
2.2,7,out-7-V,tile-7,7.475597,-7.47559,1,3
2.2,8,out-8-V,tile-8,7.68949,0,2,3
2.2,9,out-9-V,tile-9,7.515259,7.515254,3,3
2.23333333333333,1,out-1-V,tile-1,-7.515257,-7.515253,1,1
2.23333333333333,2,out-2-V,tile-2,-7.689487,0,2,1
2.23333333333333,3,out-3-V,tile-3,-7.475595,7.47559,3,1
2.23333333333333,4,out-4-V,tile-4,0,-7.689483,1,2
2.23333333333333,5,out-5-V,tile-5,0.6783453,27.48798,2,2
2.23333333333333,6,out-6-V,tile-6,0,7.689483,3,2
2.23333333333333,7,out-7-V,tile-7,7.475597,-7.47559,1,3
2.23333333333333,8,out-8-V,tile-8,7.68949,0,2,3
2.23333333333333,9,out-9-V,tile-9,7.515259,7.515254,3,3
2.26666666666667,1,out-1-V,tile-1,-7.515257,-7.515253,1,1
2.26666666666667,2,out-2-V,tile-2,-7.689487,0,2,1
2.26666666666667,3,out-3-V,tile-3,-7.475595,7.47559,3,1
2.26666666666667,4,out-4-V,tile-4,0,-7.689483,1,2
2.26666666666667,5,out-5-V,tile-5,0.7612299,29.94106,2,2
2.26666666666667,6,out-6-V,tile-6,0,7.689483,3,2
2.26666666666667,7,out-7-V,tile-7,7.475597,-7.47559,1,3
2.26666666666667,8,out-8-V,tile-8,7.68949,0,2,3
2.26666666666667,9,out-9-V,tile-9,7.515259,7.515254,3,3
2.3,1,out-1-V,tile-1,-7.515257,-7.515253,1,1
2.3,2,out-2-V,tile-2,-7.689487,0,2,1
2.3,3,out-3-V,tile-3,-7.475595,7.47559,3,1
2.3,4,out-4-V,tile-4,0,-7.689483,1,2
2.3,5,out-5-V,tile-5,0.7605218,29.94105,2,2
2.3,6,out-6-V,tile-6,0,7.689483,3,2
2.3,7,out-7-V,tile-7,7.475597,-7.47559,1,3
2.3,8,out-8-V,tile-8,7.68949,0,2,3
2.3,9,out-9-V,tile-9,7.515259,7.515254,3,3
2.33333333333333,1,out-1-V,tile-1,-7.515257,-7.515253,1,1
2.33333333333333,2,out-2-V,tile-2,-7.689487,0,2,1
2.33333333333333,3,out-3-V,tile-3,-7.475595,7.47559,3,1
2.33333333333333,4,out-4-V,tile-4,0,-7.689483,1,2
2.33333333333333,5,out-5-V,tile-5,0.7605218,29.94105,2,2
2.33333333333333,6,out-6-V,tile-6,0,7.689483,3,2
2.33333333333333,7,out-7-V,tile-7,7.475597,-7.47559,1,3
2.33333333333333,8,out-8-V,tile-8,7.68949,0,2,3
2.33333333333333,9,out-9-V,tile-9,7.515259,7.515254,3,3
2.36666666666667,1,out-1-V,tile-1,-7.515257,-7.515253,1,1
2.36666666666667,2,out-2-V,tile-2,-7.689487,0,2,1
2.36666666666667,3,out-3-V,tile-3,-7.475595,7.47559,3,1
2.36666666666667,4,out-4-V,tile-4,0,-7.689483,1,2
2.36666666666667,5,out-5-V,tile-5,0.8414341,32.40035,2,2
2.36666666666667,6,out-6-V,tile-6,0,7.689483,3,2
2.36666666666667,7,out-7-V,tile-7,7.475597,-7.47559,1,3
2.36666666666667,8,out-8-V,tile-8,7.68949,0,2,3
2.36666666666667,9,out-9-V,tile-9,7.515259,7.515254,3,3
2.4,1,out-1-V,tile-1,-7.515257,-7.515253,1,1
2.4,2,out-2-V,tile-2,-7.689487,0,2,1
2.4,3,out-3-V,tile-3,-7.475595,7.47559,3,1
2.4,4,out-4-V,tile-4,0,-7.689483,1,2
2.4,5,out-5-V,tile-5,0.5575633,23.55297,2,2
2.4,6,out-6-V,tile-6,0,7.689483,3,2
2.4,7,out-7-V,tile-7,7.475597,-7.47559,1,3
2.4,8,out-8-V,tile-8,7.68949,0,2,3
2.4,9,out-9-V,tile-9,7.515259,7.515254,3,3
2.43333333333333,1,out-1-V,tile-1,-7.515257,-7.515253,1,1
2.43333333333333,2,out-2-V,tile-2,-7.689487,0,2,1
2.43333333333333,3,out-3-V,tile-3,-7.475595,7.47559,3,1
2.43333333333333,4,out-4-V,tile-4,0,-7.689483,1,2
2.43333333333333,5,out-5-V,tile-5,0.5574796,23.55298,2,2
2.43333333333333,6,out-6-V,tile-6,0,7.689483,3,2
2.43333333333333,7,out-7-V,tile-7,7.475597,-7.47559,1,3
2.43333333333333,8,out-8-V,tile-8,7.68949,0,2,3
2.43333333333333,9,out-9-V,tile-9,7.515259,7.515254,3,3
2.46666666666667,1,out-1-V,tile-1,-7.515257,-7.515253,1,1
2.46666666666667,2,out-2-V,tile-2,-7.689487,0,2,1
2.46666666666667,3,out-3-V,tile-3,-7.475595,7.47559,3,1
2.46666666666667,4,out-4-V,tile-4,0,-7.689483,1,2
2.46666666666667,5,out-5-V,tile-5,0.6383919,26.01228,2,2
2.46666666666667,6,out-6-V,tile-6,0,7.689483,3,2
2.46666666666667,7,out-7-V,tile-7,7.475597,-7.47559,1,3
2.46666666666667,8,out-8-V,tile-8,7.68949,0,2,3
2.46666666666667,9,out-9-V,tile-9,7.515259,7.515254,3,3
2.5,1,out-1-V,tile-1,-7.515257,-7.515253,1,1
2.5,2,out-2-V,tile-2,-7.689487,0,2,1
2.5,3,out-3-V,tile-3,-7.475595,7.47559,3,1
2.5,4,out-4-V,tile-4,0,-7.689483,1,2
2.5,5,out-5-V,tile-5,0.6383919,26.01228,2,2
2.5,6,out-6-V,tile-6,0,7.689483,3,2
2.5,7,out-7-V,tile-7,7.475597,-7.47559,1,3
2.5,8,out-8-V,tile-8,7.68949,0,2,3
2.5,9,out-9-V,tile-9,7.515259,7.515254,3,3
2.53333333333333,1,out-1-V,tile-1,-7.515257,-7.515253,1,1
2.53333333333333,2,out-2-V,tile-2,-7.689487,0,2,1
2.53333333333333,3,out-3-V,tile-3,-7.475595,7.47559,3,1
2.53333333333333,4,out-4-V,tile-4,0,-7.689483,1,2
2.53333333333333,5,out-5-V,tile-5,0.6383919,26.01228,2,2
2.53333333333333,6,out-6-V,tile-6,0,7.689483,3,2
2.53333333333333,7,out-7-V,tile-7,7.475597,-7.47559,1,3
2.53333333333333,8,out-8-V,tile-8,7.68949,0,2,3
2.53333333333333,9,out-9-V,tile-9,7.515259,7.515254,3,3
2.56666666666667,1,out-1-V,tile-1,-7.515257,-7.515253,1,1
2.56666666666667,2,out-2-V,tile-2,-7.689487,0,2,1
2.56666666666667,3,out-3-V,tile-3,-7.475595,7.47559,3,1
2.56666666666667,4,out-4-V,tile-4,0,-7.689483,1,2
2.56666666666667,5,out-5-V,tile-5,0.7193042,28.47157,2,2
2.56666666666667,6,out-6-V,tile-6,0,7.689483,3,2
2.56666666666667,7,out-7-V,tile-7,7.475597,-7.47559,1,3
2.56666666666667,8,out-8-V,tile-8,7.68949,0,2,3
2.56666666666667,9,out-9-V,tile-9,7.515259,7.515254,3,3
2.6,1,out-1-V,tile-1,-7.515257,-7.515253,1,1
2.6,2,out-2-V,tile-2,-7.689487,0,2,1
2.6,3,out-3-V,tile-3,-7.475595,7.47559,3,1
2.6,4,out-4-V,tile-4,0,-7.689483,1,2
2.6,5,out-5-V,tile-5,0.7193042,28.47157,2,2
2.6,6,out-6-V,tile-6,0,7.689483,3,2
2.6,7,out-7-V,tile-7,7.475597,-7.47559,1,3
2.6,8,out-8-V,tile-8,7.68949,0,2,3
2.6,9,out-9-V,tile-9,7.515259,7.515254,3,3
2.63333333333333,1,out-1-V,tile-1,-7.515257,-7.515253,1,1
2.63333333333333,2,out-2-V,tile-2,-7.689487,0,2,1
2.63333333333333,3,out-3-V,tile-3,-7.475595,7.47559,3,1
2.63333333333333,4,out-4-V,tile-4,0,-7.689483,1,2
2.63333333333333,5,out-5-V,tile-5,0.7193042,28.47157,2,2
2.63333333333333,6,out-6-V,tile-6,0,7.689483,3,2
2.63333333333333,7,out-7-V,tile-7,7.475597,-7.47559,1,3
2.63333333333333,8,out-8-V,tile-8,7.68949,0,2,3
2.63333333333333,9,out-9-V,tile-9,7.515259,7.515254,3,3
2.66666666666667,1,out-1-V,tile-1,-7.515257,-7.515253,1,1
2.66666666666667,2,out-2-V,tile-2,-7.689487,0,2,1
2.66666666666667,3,out-3-V,tile-3,-7.475595,7.47559,3,1
2.66666666666667,4,out-4-V,tile-4,0,-7.689483,1,2
2.66666666666667,5,out-5-V,tile-5,0.8002165,30.93087,2,2
2.66666666666667,6,out-6-V,tile-6,0,7.689483,3,2
2.66666666666667,7,out-7-V,tile-7,7.475597,-7.47559,1,3
2.66666666666667,8,out-8-V,tile-8,7.68949,0,2,3
2.66666666666667,9,out-9-V,tile-9,7.515259,7.515254,3,3
2.7,1,out-1-V,tile-1,-7.515257,-7.515253,1,1
2.7,2,out-2-V,tile-2,-7.689487,0,2,1
2.7,3,out-3-V,tile-3,-7.475595,7.47559,3,1
2.7,4,out-4-V,tile-4,0,-7.689483,1,2
2.7,5,out-5-V,tile-5,0.8071877,30.93327,2,2
2.7,6,out-6-V,tile-6,0,7.689483,3,2
2.7,7,out-7-V,tile-7,7.475597,-7.47559,1,3
2.7,8,out-8-V,tile-8,7.68949,0,2,3
2.7,9,out-9-V,tile-9,7.515259,7.515254,3,3
2.73333333333333,1,out-1-V,tile-1,-7.515257,-7.515253,1,1
2.73333333333333,2,out-2-V,tile-2,-7.689487,0,2,1
2.73333333333333,3,out-3-V,tile-3,-7.475595,7.47559,3,1
2.73333333333333,4,out-4-V,tile-4,0,-7.689483,1,2
2.73333333333333,5,out-5-V,tile-5,0.8048378,30.9359,2,2
2.73333333333333,6,out-6-V,tile-6,0,7.689483,3,2
2.73333333333333,7,out-7-V,tile-7,7.475597,-7.47559,1,3
2.73333333333333,8,out-8-V,tile-8,7.68949,0,2,3
2.73333333333333,9,out-9-V,tile-9,7.515259,7.515254,3,3
2.76666666666667,1,out-1-V,tile-1,-7.515257,-7.515253,1,1
2.76666666666667,2,out-2-V,tile-2,-7.689487,0,2,1
2.76666666666667,3,out-3-V,tile-3,-7.475595,7.47559,3,1
2.76666666666667,4,out-4-V,tile-4,0,-7.689483,1,2
2.76666666666667,5,out-5-V,tile-5,0.8829972,33.38684,2,2
2.76666666666667,6,out-6-V,tile-6,0,7.689483,3,2
2.76666666666667,7,out-7-V,tile-7,7.475597,-7.47559,1,3
2.76666666666667,8,out-8-V,tile-8,7.68949,0,2,3
2.76666666666667,9,out-9-V,tile-9,7.515259,7.515254,3,3
2.8,1,out-1-V,tile-1,-7.515257,-7.515253,1,1
2.8,2,out-2-V,tile-2,-7.689487,0,2,1
2.8,3,out-3-V,tile-3,-7.475595,7.47559,3,1
2.8,4,out-4-V,tile-4,0,-7.689483,1,2
2.8,5,out-5-V,tile-5,0.8841349,33.38078,2,2
2.8,6,out-6-V,tile-6,0,7.689483,3,2
2.8,7,out-7-V,tile-7,7.475597,-7.47559,1,3
2.8,8,out-8-V,tile-8,7.68949,0,2,3
2.8,9,out-9-V,tile-9,7.515259,7.515254,3,3
2.83333333333333,1,out-1-V,tile-1,-7.515257,-7.515253,1,1
2.83333333333333,2,out-2-V,tile-2,-7.689487,0,2,1
2.83333333333333,3,out-3-V,tile-3,-7.475595,7.47559,3,1
2.83333333333333,4,out-4-V,tile-4,0,-7.689483,1,2
2.83333333333333,5,out-5-V,tile-5,0.8830186,33.3868,2,2
2.83333333333333,6,out-6-V,tile-6,0,7.689483,3,2
2.83333333333333,7,out-7-V,tile-7,7.475597,-7.47559,1,3
2.83333333333333,8,out-8-V,tile-8,7.68949,0,2,3
2.83333333333333,9,out-9-V,tile-9,7.515259,7.515254,3,3
2.86666666666667,1,out-1-V,tile-1,-7.515257,-7.515253,1,1
2.86666666666667,2,out-2-V,tile-2,-7.689487,0,2,1
2.86666666666667,3,out-3-V,tile-3,-7.475595,7.47559,3,1
2.86666666666667,4,out-4-V,tile-4,0,-7.689483,1,2
2.86666666666667,5,out-5-V,tile-5,0.9651579,35.83982,2,2
2.86666666666667,6,out-6-V,tile-6,0,7.689483,3,2
2.86666666666667,7,out-7-V,tile-7,7.475597,-7.47559,1,3
2.86666666666667,8,out-8-V,tile-8,7.68949,0,2,3
2.86666666666667,9,out-9-V,tile-9,7.515259,7.515254,3,3
2.9,1,out-1-V,tile-1,-7.515257,-7.515253,1,1
2.9,2,out-2-V,tile-2,-7.689487,0,2,1
2.9,3,out-3-V,tile-3,-7.475595,7.47559,3,1
2.9,4,out-4-V,tile-4,0,-7.689483,1,2
2.9,5,out-5-V,tile-5,0.9651579,35.83982,2,2
2.9,6,out-6-V,tile-6,0,7.689483,3,2
2.9,7,out-7-V,tile-7,7.475597,-7.47559,1,3
2.9,8,out-8-V,tile-8,7.68949,0,2,3
2.9,9,out-9-V,tile-9,7.515259,7.515254,3,3
2.93333333333333,1,out-1-V,tile-1,-7.515257,-7.515253,1,1
2.93333333333333,2,out-2-V,tile-2,-7.689487,0,2,1
2.93333333333333,3,out-3-V,tile-3,-7.475595,7.47559,3,1
2.93333333333333,4,out-4-V,tile-4,0,-7.689483,1,2
2.93333333333333,5,out-5-V,tile-5,0.9658683,35.83982,2,2
2.93333333333333,6,out-6-V,tile-6,0,7.689483,3,2
2.93333333333333,7,out-7-V,tile-7,7.475597,-7.47559,1,3
2.93333333333333,8,out-8-V,tile-8,7.68949,0,2,3
2.93333333333333,9,out-9-V,tile-9,7.515259,7.515254,3,3
2.96666666666667,1,out-1-V,tile-1,-7.515257,-7.515253,1,1
2.96666666666667,2,out-2-V,tile-2,-7.689487,0,2,1
2.96666666666667,3,out-3-V,tile-3,-7.475595,7.47559,3,1
2.96666666666667,4,out-4-V,tile-4,0,-7.689483,1,2
2.96666666666667,5,out-5-V,tile-5,1.046015,38.29916,2,2
2.96666666666667,6,out-6-V,tile-6,0,7.689483,3,2
2.96666666666667,7,out-7-V,tile-7,7.475597,-7.47559,1,3
2.96666666666667,8,out-8-V,tile-8,7.68949,0,2,3
2.96666666666667,9,out-9-V,tile-9,7.515259,7.515254,3,3
3,1,out-1-V,tile-1,-7.515257,-7.515253,1,1
3,2,out-2-V,tile-2,-7.689487,0,2,1
3,3,out-3-V,tile-3,-7.475595,7.47559,3,1
3,4,out-4-V,tile-4,0,-7.689483,1,2
3,5,out-5-V,tile-5,0.7615976,29.45189,2,2
3,6,out-6-V,tile-6,0,7.689483,3,2
3,7,out-7-V,tile-7,7.475597,-7.47559,1,3
3,8,out-8-V,tile-8,7.68949,0,2,3
3,9,out-9-V,tile-9,7.515259,7.515254,3,3
3.03333333333333,1,out-1-V,tile-1,-7.515257,-7.515253,1,1
3.03333333333333,2,out-2-V,tile-2,-7.689487,0,2,1
3.03333333333333,3,out-3-V,tile-3,-7.475595,7.47559,3,1
3.03333333333333,4,out-4-V,tile-4,0,-7.689483,1,2
3.03333333333333,5,out-5-V,tile-5,0.7615976,29.45189,2,2
3.03333333333333,6,out-6-V,tile-6,0,7.689483,3,2
3.03333333333333,7,out-7-V,tile-7,7.475597,-7.47559,1,3
3.03333333333333,8,out-8-V,tile-8,7.68949,0,2,3
3.03333333333333,9,out-9-V,tile-9,7.515259,7.515254,3,3
3.06666666666667,1,out-1-V,tile-1,-7.515257,-7.515253,1,1
3.06666666666667,2,out-2-V,tile-2,-7.689487,0,2,1
3.06666666666667,3,out-3-V,tile-3,-7.475595,7.47559,3,1
3.06666666666667,4,out-4-V,tile-4,0,-7.689483,1,2
3.06666666666667,5,out-5-V,tile-5,0.8425099,31.91118,2,2
3.06666666666667,6,out-6-V,tile-6,0,7.689483,3,2
3.06666666666667,7,out-7-V,tile-7,7.475597,-7.47559,1,3
3.06666666666667,8,out-8-V,tile-8,7.68949,0,2,3
3.06666666666667,9,out-9-V,tile-9,7.515259,7.515254,3,3
3.1,1,out-1-V,tile-1,-7.515257,-7.515253,1,1
3.1,2,out-2-V,tile-2,-7.689487,0,2,1
3.1,3,out-3-V,tile-3,-7.475595,7.47559,3,1
3.1,4,out-4-V,tile-4,0,-7.689483,1,2
3.1,5,out-5-V,tile-5,0.8525256,31.9131,2,2
3.1,6,out-6-V,tile-6,0,7.689483,3,2
3.1,7,out-7-V,tile-7,7.475597,-7.47559,1,3
3.1,8,out-8-V,tile-8,7.68949,0,2,3
3.1,9,out-9-V,tile-9,7.515259,7.515254,3,3
3.13333333333333,1,out-1-V,tile-1,-7.515257,-7.515253,1,1
3.13333333333333,2,out-2-V,tile-2,-7.689487,0,2,1
3.13333333333333,3,out-3-V,tile-3,-7.475595,7.47559,3,1
3.13333333333333,4,out-4-V,tile-4,0,-7.689483,1,2
3.13333333333333,5,out-5-V,tile-5,0.8549675,31.91462,2,2
3.13333333333333,6,out-6-V,tile-6,0,7.689483,3,2
3.13333333333333,7,out-7-V,tile-7,7.475597,-7.47559,1,3
3.13333333333333,8,out-8-V,tile-8,7.68949,0,2,3
3.13333333333333,9,out-9-V,tile-9,7.515259,7.515254,3,3
3.16666666666667,1,out-1-V,tile-1,-7.515257,-7.515253,1,1
3.16666666666667,2,out-2-V,tile-2,-7.689487,0,2,1
3.16666666666667,3,out-3-V,tile-3,-7.475595,7.47559,3,1
3.16666666666667,4,out-4-V,tile-4,0,-7.689483,1,2
3.16666666666667,5,out-5-V,tile-5,0.9169468,34.36829,2,2
3.16666666666667,6,out-6-V,tile-6,0,7.689483,3,2
3.16666666666667,7,out-7-V,tile-7,7.475597,-7.47559,1,3
3.16666666666667,8,out-8-V,tile-8,7.68949,0,2,3
3.16666666666667,9,out-9-V,tile-9,7.515259,7.515254,3,3
3.2,1,out-1-V,tile-1,-7.515257,-7.515253,1,1
3.2,2,out-2-V,tile-2,-7.689487,0,2,1
3.2,3,out-3-V,tile-3,-7.475595,7.47559,3,1
3.2,4,out-4-V,tile-4,0,-7.689483,1,2
3.2,5,out-5-V,tile-5,0.9225721,34.36974,2,2
3.2,6,out-6-V,tile-6,0,7.689483,3,2
3.2,7,out-7-V,tile-7,7.475597,-7.47559,1,3
3.2,8,out-8-V,tile-8,7.68949,0,2,3
3.2,9,out-9-V,tile-9,7.515259,7.515254,3,3
3.23333333333333,1,out-1-V,tile-1,-7.515257,-7.515253,1,1
3.23333333333333,2,out-2-V,tile-2,-7.689487,0,2,1
3.23333333333333,3,out-3-V,tile-3,-7.475595,7.47559,3,1
3.23333333333333,4,out-4-V,tile-4,0,-7.689483,1,2
3.23333333333333,5,out-5-V,tile-5,0.9225721,34.36974,2,2
3.23333333333333,6,out-6-V,tile-6,0,7.689483,3,2
3.23333333333333,7,out-7-V,tile-7,7.475597,-7.47559,1,3
3.23333333333333,8,out-8-V,tile-8,7.68949,0,2,3
3.23333333333333,9,out-9-V,tile-9,7.515259,7.515254,3,3
3.26666666666667,1,out-1-V,tile-1,-7.515257,-7.515253,1,1
3.26666666666667,2,out-2-V,tile-2,-7.689487,0,2,1
3.26666666666667,3,out-3-V,tile-3,-7.475595,7.47559,3,1
3.26666666666667,4,out-4-V,tile-4,0,-7.689483,1,2
3.26666666666667,5,out-5-V,tile-5,0.9874385,36.82614,2,2
3.26666666666667,6,out-6-V,tile-6,0,7.689483,3,2
3.26666666666667,7,out-7-V,tile-7,7.475597,-7.47559,1,3
3.26666666666667,8,out-8-V,tile-8,7.68949,0,2,3
3.26666666666667,9,out-9-V,tile-9,7.515259,7.515254,3,3
3.3,1,out-1-V,tile-1,-7.515257,-7.515253,1,1
3.3,2,out-2-V,tile-2,-7.689487,0,2,1
3.3,3,out-3-V,tile-3,-7.475595,7.47559,3,1
3.3,4,out-4-V,tile-4,0,-7.689483,1,2
3.3,5,out-5-V,tile-5,0.9958732,36.82817,2,2
3.3,6,out-6-V,tile-6,0,7.689483,3,2
3.3,7,out-7-V,tile-7,7.475597,-7.47559,1,3
3.3,8,out-8-V,tile-8,7.68949,0,2,3
3.3,9,out-9-V,tile-9,7.515259,7.515254,3,3
3.33333333333333,1,out-1-V,tile-1,-7.515257,-7.515253,1,1
3.33333333333333,2,out-2-V,tile-2,-7.689487,0,2,1
3.33333333333333,3,out-3-V,tile-3,-7.475595,7.47559,3,1
3.33333333333333,4,out-4-V,tile-4,0,-7.689483,1,2
3.33333333333333,5,out-5-V,tile-5,1.002326,36.82953,2,2
3.33333333333333,6,out-6-V,tile-6,0,7.689483,3,2
3.33333333333333,7,out-7-V,tile-7,7.475597,-7.47559,1,3
3.33333333333333,8,out-8-V,tile-8,7.68949,0,2,3
3.33333333333333,9,out-9-V,tile-9,7.515259,7.515254,3,3
3.36666666666667,1,out-1-V,tile-1,-7.515257,-7.515253,1,1
3.36666666666667,2,out-2-V,tile-2,-7.689487,0,2,1
3.36666666666667,3,out-3-V,tile-3,-7.475595,7.47559,3,1
3.36666666666667,4,out-4-V,tile-4,0,-7.689483,1,2
3.36666666666667,5,out-5-V,tile-5,1.08492,39.28553,2,2
3.36666666666667,6,out-6-V,tile-6,0,7.689483,3,2
3.36666666666667,7,out-7-V,tile-7,7.475597,-7.47559,1,3
3.36666666666667,8,out-8-V,tile-8,7.68949,0,2,3
3.36666666666667,9,out-9-V,tile-9,7.515259,7.515254,3,3
3.4,1,out-1-V,tile-1,-7.515257,-7.515253,1,1
3.4,2,out-2-V,tile-2,-7.689487,0,2,1
3.4,3,out-3-V,tile-3,-7.475595,7.47559,3,1
3.4,4,out-4-V,tile-4,0,-7.689483,1,2
3.4,5,out-5-V,tile-5,1.08492,39.28553,2,2
3.4,6,out-6-V,tile-6,0,7.689483,3,2
3.4,7,out-7-V,tile-7,7.475597,-7.47559,1,3
3.4,8,out-8-V,tile-8,7.68949,0,2,3
3.4,9,out-9-V,tile-9,7.515259,7.515254,3,3
3.43333333333333,1,out-1-V,tile-1,-7.515257,-7.515253,1,1
3.43333333333333,2,out-2-V,tile-2,-7.689487,0,2,1
3.43333333333333,3,out-3-V,tile-3,-7.475595,7.47559,3,1
3.43333333333333,4,out-4-V,tile-4,0,-7.689483,1,2
3.43333333333333,5,out-5-V,tile-5,1.08492,39.28553,2,2
3.43333333333333,6,out-6-V,tile-6,0,7.689483,3,2
3.43333333333333,7,out-7-V,tile-7,7.475597,-7.47559,1,3
3.43333333333333,8,out-8-V,tile-8,7.68949,0,2,3
3.43333333333333,9,out-9-V,tile-9,7.515259,7.515254,3,3
3.46666666666667,1,out-1-V,tile-1,-7.515257,-7.515253,1,1
3.46666666666667,2,out-2-V,tile-2,-7.689487,0,2,1
3.46666666666667,3,out-3-V,tile-3,-7.475595,7.47559,3,1
3.46666666666667,4,out-4-V,tile-4,0,-7.689483,1,2
3.46666666666667,5,out-5-V,tile-5,1.167804,41.73861,2,2
3.46666666666667,6,out-6-V,tile-6,0,7.689483,3,2
3.46666666666667,7,out-7-V,tile-7,7.475597,-7.47559,1,3
3.46666666666667,8,out-8-V,tile-8,7.68949,0,2,3
3.46666666666667,9,out-9-V,tile-9,7.515259,7.515254,3,3
3.5,1,out-1-V,tile-1,-7.515257,-7.515253,1,1
3.5,2,out-2-V,tile-2,-7.689487,0,2,1
3.5,3,out-3-V,tile-3,-7.475595,7.47559,3,1
3.5,4,out-4-V,tile-4,0,-7.689483,1,2
3.5,5,out-5-V,tile-5,1.167096,41.73861,2,2
3.5,6,out-6-V,tile-6,0,7.689483,3,2
3.5,7,out-7-V,tile-7,7.475597,-7.47559,1,3
3.5,8,out-8-V,tile-8,7.68949,0,2,3
3.5,9,out-9-V,tile-9,7.515259,7.515254,3,3
3.53333333333333,1,out-1-V,tile-1,-7.515257,-7.515253,1,1
3.53333333333333,2,out-2-V,tile-2,-7.689487,0,2,1
3.53333333333333,3,out-3-V,tile-3,-7.475595,7.47559,3,1
3.53333333333333,4,out-4-V,tile-4,0,-7.689483,1,2
3.53333333333333,5,out-5-V,tile-5,1.167096,41.73861,2,2
3.53333333333333,6,out-6-V,tile-6,0,7.689483,3,2
3.53333333333333,7,out-7-V,tile-7,7.475597,-7.47559,1,3
3.53333333333333,8,out-8-V,tile-8,7.68949,0,2,3
3.53333333333333,9,out-9-V,tile-9,7.515259,7.515254,3,3
3.56666666666667,1,out-1-V,tile-1,-7.515257,-7.515253,1,1
3.56666666666667,2,out-2-V,tile-2,-7.689487,0,2,1
3.56666666666667,3,out-3-V,tile-3,-7.475595,7.47559,3,1
3.56666666666667,4,out-4-V,tile-4,0,-7.689483,1,2
3.56666666666667,5,out-5-V,tile-5,1.248008,44.1979,2,2
3.56666666666667,6,out-6-V,tile-6,0,7.689483,3,2
3.56666666666667,7,out-7-V,tile-7,7.475597,-7.47559,1,3
3.56666666666667,8,out-8-V,tile-8,7.68949,0,2,3
3.56666666666667,9,out-9-V,tile-9,7.515259,7.515254,3,3
3.6,1,out-1-V,tile-1,-7.515257,-7.515253,1,1
3.6,2,out-2-V,tile-2,-7.689487,0,2,1
3.6,3,out-3-V,tile-3,-7.475595,7.47559,3,1
3.6,4,out-4-V,tile-4,0,-7.689483,1,2
3.6,5,out-5-V,tile-5,0.9641377,35.35052,2,2
3.6,6,out-6-V,tile-6,0,7.689483,3,2
3.6,7,out-7-V,tile-7,7.475597,-7.47559,1,3
3.6,8,out-8-V,tile-8,7.68949,0,2,3
3.6,9,out-9-V,tile-9,7.515259,7.515254,3,3
3.63333333333333,1,out-1-V,tile-1,-7.515257,-7.515253,1,1
3.63333333333333,2,out-2-V,tile-2,-7.689487,0,2,1
3.63333333333333,3,out-3-V,tile-3,-7.475595,7.47559,3,1
3.63333333333333,4,out-4-V,tile-4,0,-7.689483,1,2
3.63333333333333,5,out-5-V,tile-5,0.964054,35.35053,2,2
3.63333333333333,6,out-6-V,tile-6,0,7.689483,3,2
3.63333333333333,7,out-7-V,tile-7,7.475597,-7.47559,1,3
3.63333333333333,8,out-8-V,tile-8,7.68949,0,2,3
3.63333333333333,9,out-9-V,tile-9,7.515259,7.515254,3,3
3.66666666666667,1,out-1-V,tile-1,-7.515257,-7.515253,1,1
3.66666666666667,2,out-2-V,tile-2,-7.689487,0,2,1
3.66666666666667,3,out-3-V,tile-3,-7.475595,7.47559,3,1
3.66666666666667,4,out-4-V,tile-4,0,-7.689483,1,2
3.66666666666667,5,out-5-V,tile-5,1.044966,37.80983,2,2
3.66666666666667,6,out-6-V,tile-6,0,7.689483,3,2
3.66666666666667,7,out-7-V,tile-7,7.475597,-7.47559,1,3
3.66666666666667,8,out-8-V,tile-8,7.68949,0,2,3
3.66666666666667,9,out-9-V,tile-9,7.515259,7.515254,3,3
3.7,1,out-1-V,tile-1,-7.515257,-7.515253,1,1
3.7,2,out-2-V,tile-2,-7.689487,0,2,1
3.7,3,out-3-V,tile-3,-7.475595,7.47559,3,1
3.7,4,out-4-V,tile-4,0,-7.689483,1,2
3.7,5,out-5-V,tile-5,1.044966,37.80983,2,2
3.7,6,out-6-V,tile-6,0,7.689483,3,2
3.7,7,out-7-V,tile-7,7.475597,-7.47559,1,3
3.7,8,out-8-V,tile-8,7.68949,0,2,3
3.7,9,out-9-V,tile-9,7.515259,7.515254,3,3
3.73333333333333,1,out-1-V,tile-1,-7.515257,-7.515253,1,1
3.73333333333333,2,out-2-V,tile-2,-7.689487,0,2,1
3.73333333333333,3,out-3-V,tile-3,-7.475595,7.47559,3,1
3.73333333333333,4,out-4-V,tile-4,0,-7.689483,1,2
3.73333333333333,5,out-5-V,tile-5,1.044966,37.80983,2,2
3.73333333333333,6,out-6-V,tile-6,0,7.689483,3,2
3.73333333333333,7,out-7-V,tile-7,7.475597,-7.47559,1,3
3.73333333333333,8,out-8-V,tile-8,7.68949,0,2,3
3.73333333333333,9,out-9-V,tile-9,7.515259,7.515254,3,3
3.76666666666667,1,out-1-V,tile-1,-7.515257,-7.515253,1,1
3.76666666666667,2,out-2-V,tile-2,-7.689487,0,2,1
3.76666666666667,3,out-3-V,tile-3,-7.475595,7.47559,3,1
3.76666666666667,4,out-4-V,tile-4,0,-7.689483,1,2
3.76666666666667,5,out-5-V,tile-5,1.125879,40.26912,2,2
3.76666666666667,6,out-6-V,tile-6,0,7.689483,3,2
3.76666666666667,7,out-7-V,tile-7,7.475597,-7.47559,1,3
3.76666666666667,8,out-8-V,tile-8,7.68949,0,2,3
3.76666666666667,9,out-9-V,tile-9,7.515259,7.515254,3,3
3.8,1,out-1-V,tile-1,-7.515257,-7.515253,1,1
3.8,2,out-2-V,tile-2,-7.689487,0,2,1
3.8,3,out-3-V,tile-3,-7.475595,7.47559,3,1
3.8,4,out-4-V,tile-4,0,-7.689483,1,2
3.8,5,out-5-V,tile-5,1.125879,40.26912,2,2
3.8,6,out-6-V,tile-6,0,7.689483,3,2
3.8,7,out-7-V,tile-7,7.475597,-7.47559,1,3
3.8,8,out-8-V,tile-8,7.68949,0,2,3
3.8,9,out-9-V,tile-9,7.515259,7.515254,3,3
3.83333333333333,1,out-1-V,tile-1,-7.515257,-7.515253,1,1
3.83333333333333,2,out-2-V,tile-2,-7.689487,0,2,1
3.83333333333333,3,out-3-V,tile-3,-7.475595,7.47559,3,1
3.83333333333333,4,out-4-V,tile-4,0,-7.689483,1,2
3.83333333333333,5,out-5-V,tile-5,1.125879,40.26912,2,2
3.83333333333333,6,out-6-V,tile-6,0,7.689483,3,2
3.83333333333333,7,out-7-V,tile-7,7.475597,-7.47559,1,3
3.83333333333333,8,out-8-V,tile-8,7.68949,0,2,3
3.83333333333333,9,out-9-V,tile-9,7.515259,7.515254,3,3
3.86666666666667,1,out-1-V,tile-1,-7.515257,-7.515253,1,1
3.86666666666667,2,out-2-V,tile-2,-7.689487,0,2,1
3.86666666666667,3,out-3-V,tile-3,-7.475595,7.47559,3,1
3.86666666666667,4,out-4-V,tile-4,0,-7.689483,1,2
3.86666666666667,5,out-5-V,tile-5,1.206791,42.72841,2,2
3.86666666666667,6,out-6-V,tile-6,0,7.689483,3,2
3.86666666666667,7,out-7-V,tile-7,7.475597,-7.47559,1,3
3.86666666666667,8,out-8-V,tile-8,7.68949,0,2,3
3.86666666666667,9,out-9-V,tile-9,7.515259,7.515254,3,3
3.9,1,out-1-V,tile-1,-7.515257,-7.515253,1,1
3.9,2,out-2-V,tile-2,-7.689487,0,2,1
3.9,3,out-3-V,tile-3,-7.475595,7.47559,3,1
3.9,4,out-4-V,tile-4,0,-7.689483,1,2
3.9,5,out-5-V,tile-5,1.213762,42.73082,2,2
3.9,6,out-6-V,tile-6,0,7.689483,3,2
3.9,7,out-7-V,tile-7,7.475597,-7.47559,1,3
3.9,8,out-8-V,tile-8,7.68949,0,2,3
3.9,9,out-9-V,tile-9,7.515259,7.515254,3,3
3.93333333333333,1,out-1-V,tile-1,-7.515257,-7.515253,1,1
3.93333333333333,2,out-2-V,tile-2,-7.689487,0,2,1
3.93333333333333,3,out-3-V,tile-3,-7.475595,7.47559,3,1
3.93333333333333,4,out-4-V,tile-4,0,-7.689483,1,2
3.93333333333333,5,out-5-V,tile-5,1.211412,42.73344,2,2
3.93333333333333,6,out-6-V,tile-6,0,7.689483,3,2
3.93333333333333,7,out-7-V,tile-7,7.475597,-7.47559,1,3
3.93333333333333,8,out-8-V,tile-8,7.68949,0,2,3
3.93333333333333,9,out-9-V,tile-9,7.515259,7.515254,3,3
3.96666666666667,1,out-1-V,tile-1,-7.515257,-7.515253,1,1
3.96666666666667,2,out-2-V,tile-2,-7.689487,0,2,1
3.96666666666667,3,out-3-V,tile-3,-7.475595,7.47559,3,1
3.96666666666667,4,out-4-V,tile-4,0,-7.689483,1,2
3.96666666666667,5,out-5-V,tile-5,1.289572,45.18439,2,2
3.96666666666667,6,out-6-V,tile-6,0,7.689483,3,2
3.96666666666667,7,out-7-V,tile-7,7.475597,-7.47559,1,3
3.96666666666667,8,out-8-V,tile-8,7.68949,0,2,3
3.96666666666667,9,out-9-V,tile-9,7.515259,7.515254,3,3
4,1,out-1-V,tile-1,-7.515257,-7.515253,1,1
4,2,out-2-V,tile-2,-7.689487,0,2,1
4,3,out-3-V,tile-3,-7.475595,7.47559,3,1
4,4,out-4-V,tile-4,0,-7.689483,1,2
4,5,out-5-V,tile-5,1.290709,45.17833,2,2
4,6,out-6-V,tile-6,0,7.689483,3,2
4,7,out-7-V,tile-7,7.475597,-7.47559,1,3
4,8,out-8-V,tile-8,7.68949,0,2,3
4,9,out-9-V,tile-9,7.515259,7.515254,3,3
4.03333333333333,1,out-1-V,tile-1,-7.515257,-7.515253,1,1
4.03333333333333,2,out-2-V,tile-2,-7.689487,0,2,1
4.03333333333333,3,out-3-V,tile-3,-7.475595,7.47559,3,1
4.03333333333333,4,out-4-V,tile-4,0,-7.689483,1,2
4.03333333333333,5,out-5-V,tile-5,1.289593,45.18434,2,2
4.03333333333333,6,out-6-V,tile-6,0,7.689483,3,2
4.03333333333333,7,out-7-V,tile-7,7.475597,-7.47559,1,3
4.03333333333333,8,out-8-V,tile-8,7.68949,0,2,3
4.03333333333333,9,out-9-V,tile-9,7.515259,7.515254,3,3
4.06666666666667,1,out-1-V,tile-1,-7.515257,-7.515253,1,1
4.06666666666667,2,out-2-V,tile-2,-7.689487,0,2,1
4.06666666666667,3,out-3-V,tile-3,-7.475595,7.47559,3,1
4.06666666666667,4,out-4-V,tile-4,0,-7.689483,1,2
4.06666666666667,5,out-5-V,tile-5,1.371732,47.63736,2,2
4.06666666666667,6,out-6-V,tile-6,0,7.689483,3,2
4.06666666666667,7,out-7-V,tile-7,7.475597,-7.47559,1,3
4.06666666666667,8,out-8-V,tile-8,7.68949,0,2,3
4.06666666666667,9,out-9-V,tile-9,7.515259,7.515254,3,3
4.1,1,out-1-V,tile-1,-7.515257,-7.515253,1,1
4.1,2,out-2-V,tile-2,-7.689487,0,2,1
4.1,3,out-3-V,tile-3,-7.475595,7.47559,3,1
4.1,4,out-4-V,tile-4,0,-7.689483,1,2
4.1,5,out-5-V,tile-5,1.371732,47.63736,2,2
4.1,6,out-6-V,tile-6,0,7.689483,3,2
4.1,7,out-7-V,tile-7,7.475597,-7.47559,1,3
4.1,8,out-8-V,tile-8,7.68949,0,2,3
4.1,9,out-9-V,tile-9,7.515259,7.515254,3,3
4.13333333333333,1,out-1-V,tile-1,-7.515257,-7.515253,1,1
4.13333333333333,2,out-2-V,tile-2,-7.689487,0,2,1
4.13333333333333,3,out-3-V,tile-3,-7.475595,7.47559,3,1
4.13333333333333,4,out-4-V,tile-4,0,-7.689483,1,2
4.13333333333333,5,out-5-V,tile-5,1.372443,47.63736,2,2
4.13333333333333,6,out-6-V,tile-6,0,7.689483,3,2
4.13333333333333,7,out-7-V,tile-7,7.475597,-7.47559,1,3
4.13333333333333,8,out-8-V,tile-8,7.68949,0,2,3
4.13333333333333,9,out-9-V,tile-9,7.515259,7.515254,3,3
4.16666666666667,1,out-1-V,tile-1,-7.515257,-7.515253,1,1
4.16666666666667,2,out-2-V,tile-2,-7.689487,0,2,1
4.16666666666667,3,out-3-V,tile-3,-7.475595,7.47559,3,1
4.16666666666667,4,out-4-V,tile-4,0,-7.689483,1,2
4.16666666666667,5,out-5-V,tile-5,1.452589,50.0967,2,2
4.16666666666667,6,out-6-V,tile-6,0,7.689483,3,2
4.16666666666667,7,out-7-V,tile-7,7.475597,-7.47559,1,3
4.16666666666667,8,out-8-V,tile-8,7.68949,0,2,3
4.16666666666667,9,out-9-V,tile-9,7.515259,7.515254,3,3
4.2,1,out-1-V,tile-1,-7.515257,-7.515253,1,1
4.2,2,out-2-V,tile-2,-7.689487,0,2,1
4.2,3,out-3-V,tile-3,-7.475595,7.47559,3,1
4.2,4,out-4-V,tile-4,0,-7.689483,1,2
4.2,5,out-5-V,tile-5,1.168172,41.24943,2,2
4.2,6,out-6-V,tile-6,0,7.689483,3,2
4.2,7,out-7-V,tile-7,7.475597,-7.47559,1,3
4.2,8,out-8-V,tile-8,7.68949,0,2,3
4.2,9,out-9-V,tile-9,7.515259,7.515254,3,3
4.23333333333333,1,out-1-V,tile-1,-7.515257,-7.515253,1,1
4.23333333333333,2,out-2-V,tile-2,-7.689487,0,2,1
4.23333333333333,3,out-3-V,tile-3,-7.475595,7.47559,3,1
4.23333333333333,4,out-4-V,tile-4,0,-7.689483,1,2
4.23333333333333,5,out-5-V,tile-5,1.168172,41.24943,2,2
4.23333333333333,6,out-6-V,tile-6,0,7.689483,3,2
4.23333333333333,7,out-7-V,tile-7,7.475597,-7.47559,1,3
4.23333333333333,8,out-8-V,tile-8,7.68949,0,2,3
4.23333333333333,9,out-9-V,tile-9,7.515259,7.515254,3,3
4.26666666666667,1,out-1-V,tile-1,-7.515257,-7.515253,1,1
4.26666666666667,2,out-2-V,tile-2,-7.689487,0,2,1
4.26666666666667,3,out-3-V,tile-3,-7.475595,7.47559,3,1
4.26666666666667,4,out-4-V,tile-4,0,-7.689483,1,2
4.26666666666667,5,out-5-V,tile-5,1.249084,43.70872,2,2
4.26666666666667,6,out-6-V,tile-6,0,7.689483,3,2
4.26666666666667,7,out-7-V,tile-7,7.475597,-7.47559,1,3
4.26666666666667,8,out-8-V,tile-8,7.68949,0,2,3
4.26666666666667,9,out-9-V,tile-9,7.515259,7.515254,3,3
4.3,1,out-1-V,tile-1,-7.515257,-7.515253,1,1
4.3,2,out-2-V,tile-2,-7.689487,0,2,1
4.3,3,out-3-V,tile-3,-7.475595,7.47559,3,1
4.3,4,out-4-V,tile-4,0,-7.689483,1,2
4.3,5,out-5-V,tile-5,1.2591,43.71064,2,2
4.3,6,out-6-V,tile-6,0,7.689483,3,2
4.3,7,out-7-V,tile-7,7.475597,-7.47559,1,3
4.3,8,out-8-V,tile-8,7.68949,0,2,3
4.3,9,out-9-V,tile-9,7.515259,7.515254,3,3
4.33333333333333,1,out-1-V,tile-1,-7.515257,-7.515253,1,1
4.33333333333333,2,out-2-V,tile-2,-7.689487,0,2,1
4.33333333333333,3,out-3-V,tile-3,-7.475595,7.47559,3,1
4.33333333333333,4,out-4-V,tile-4,0,-7.689483,1,2
4.33333333333333,5,out-5-V,tile-5,1.261542,43.71215,2,2
4.33333333333333,6,out-6-V,tile-6,0,7.689483,3,2
4.33333333333333,7,out-7-V,tile-7,7.475597,-7.47559,1,3
4.33333333333333,8,out-8-V,tile-8,7.68949,0,2,3
4.33333333333333,9,out-9-V,tile-9,7.515259,7.515254,3,3
4.36666666666667,1,out-1-V,tile-1,-7.515257,-7.515253,1,1
4.36666666666667,2,out-2-V,tile-2,-7.689487,0,2,1
4.36666666666667,3,out-3-V,tile-3,-7.475595,7.47559,3,1
4.36666666666667,4,out-4-V,tile-4,0,-7.689483,1,2
4.36666666666667,5,out-5-V,tile-5,1.323521,46.16582,2,2
4.36666666666667,6,out-6-V,tile-6,0,7.689483,3,2
4.36666666666667,7,out-7-V,tile-7,7.475597,-7.47559,1,3
4.36666666666667,8,out-8-V,tile-8,7.68949,0,2,3
4.36666666666667,9,out-9-V,tile-9,7.515259,7.515254,3,3
4.4,1,out-1-V,tile-1,-7.515257,-7.515253,1,1
4.4,2,out-2-V,tile-2,-7.689487,0,2,1
4.4,3,out-3-V,tile-3,-7.475595,7.47559,3,1
4.4,4,out-4-V,tile-4,0,-7.689483,1,2
4.4,5,out-5-V,tile-5,1.329147,46.16727,2,2
4.4,6,out-6-V,tile-6,0,7.689483,3,2
4.4,7,out-7-V,tile-7,7.475597,-7.47559,1,3
4.4,8,out-8-V,tile-8,7.68949,0,2,3
4.4,9,out-9-V,tile-9,7.515259,7.515254,3,3
4.43333333333333,1,out-1-V,tile-1,-7.515257,-7.515253,1,1
4.43333333333333,2,out-2-V,tile-2,-7.689487,0,2,1
4.43333333333333,3,out-3-V,tile-3,-7.475595,7.47559,3,1
4.43333333333333,4,out-4-V,tile-4,0,-7.689483,1,2
4.43333333333333,5,out-5-V,tile-5,1.329147,46.16727,2,2
4.43333333333333,6,out-6-V,tile-6,0,7.689483,3,2
4.43333333333333,7,out-7-V,tile-7,7.475597,-7.47559,1,3
4.43333333333333,8,out-8-V,tile-8,7.68949,0,2,3
4.43333333333333,9,out-9-V,tile-9,7.515259,7.515254,3,3
4.46666666666667,1,out-1-V,tile-1,-7.515257,-7.515253,1,1
4.46666666666667,2,out-2-V,tile-2,-7.689487,0,2,1
4.46666666666667,3,out-3-V,tile-3,-7.475595,7.47559,3,1
4.46666666666667,4,out-4-V,tile-4,0,-7.689483,1,2
4.46666666666667,5,out-5-V,tile-5,1.394013,48.62367,2,2
4.46666666666667,6,out-6-V,tile-6,0,7.689483,3,2
4.46666666666667,7,out-7-V,tile-7,7.475597,-7.47559,1,3
4.46666666666667,8,out-8-V,tile-8,7.68949,0,2,3
4.46666666666667,9,out-9-V,tile-9,7.515259,7.515254,3,3
4.5,1,out-1-V,tile-1,-7.515257,-7.515253,1,1
4.5,2,out-2-V,tile-2,-7.689487,0,2,1
4.5,3,out-3-V,tile-3,-7.475595,7.47559,3,1
4.5,4,out-4-V,tile-4,0,-7.689483,1,2
4.5,5,out-5-V,tile-5,1.402448,48.6257,2,2
4.5,6,out-6-V,tile-6,0,7.689483,3,2
4.5,7,out-7-V,tile-7,7.475597,-7.47559,1,3
4.5,8,out-8-V,tile-8,7.68949,0,2,3
4.5,9,out-9-V,tile-9,7.515259,7.515254,3,3
4.53333333333333,1,out-1-V,tile-1,-7.515257,-7.515253,1,1
4.53333333333333,2,out-2-V,tile-2,-7.689487,0,2,1
4.53333333333333,3,out-3-V,tile-3,-7.475595,7.47559,3,1
4.53333333333333,4,out-4-V,tile-4,0,-7.689483,1,2
4.53333333333333,5,out-5-V,tile-5,1.4089,48.62707,2,2
4.53333333333333,6,out-6-V,tile-6,0,7.689483,3,2
4.53333333333333,7,out-7-V,tile-7,7.475597,-7.47559,1,3
4.53333333333333,8,out-8-V,tile-8,7.68949,0,2,3
4.53333333333333,9,out-9-V,tile-9,7.515259,7.515254,3,3
4.56666666666667,1,out-1-V,tile-1,-7.515257,-7.515253,1,1
4.56666666666667,2,out-2-V,tile-2,-7.689487,0,2,1
4.56666666666667,3,out-3-V,tile-3,-7.475595,7.47559,3,1
4.56666666666667,4,out-4-V,tile-4,0,-7.689483,1,2
4.56666666666667,5,out-5-V,tile-5,1.491494,51.08307,2,2
4.56666666666667,6,out-6-V,tile-6,0,7.689483,3,2
4.56666666666667,7,out-7-V,tile-7,7.475597,-7.47559,1,3
4.56666666666667,8,out-8-V,tile-8,7.68949,0,2,3
4.56666666666667,9,out-9-V,tile-9,7.515259,7.515254,3,3
4.6,1,out-1-V,tile-1,-7.515257,-7.515253,1,1
4.6,2,out-2-V,tile-2,-7.689487,0,2,1
4.6,3,out-3-V,tile-3,-7.475595,7.47559,3,1
4.6,4,out-4-V,tile-4,0,-7.689483,1,2
4.6,5,out-5-V,tile-5,1.491494,51.08307,2,2
4.6,6,out-6-V,tile-6,0,7.689483,3,2
4.6,7,out-7-V,tile-7,7.475597,-7.47559,1,3
4.6,8,out-8-V,tile-8,7.68949,0,2,3
4.6,9,out-9-V,tile-9,7.515259,7.515254,3,3
4.63333333333333,1,out-1-V,tile-1,-7.515257,-7.515253,1,1
4.63333333333333,2,out-2-V,tile-2,-7.689487,0,2,1
4.63333333333333,3,out-3-V,tile-3,-7.475595,7.47559,3,1
4.63333333333333,4,out-4-V,tile-4,0,-7.689483,1,2
4.63333333333333,5,out-5-V,tile-5,1.491494,51.08307,2,2
4.63333333333333,6,out-6-V,tile-6,0,7.689483,3,2
4.63333333333333,7,out-7-V,tile-7,7.475597,-7.47559,1,3
4.63333333333333,8,out-8-V,tile-8,7.68949,0,2,3
4.63333333333333,9,out-9-V,tile-9,7.515259,7.515254,3,3
4.66666666666667,1,out-1-V,tile-1,-7.515257,-7.515253,1,1
4.66666666666667,2,out-2-V,tile-2,-7.689487,0,2,1
4.66666666666667,3,out-3-V,tile-3,-7.475595,7.47559,3,1
4.66666666666667,4,out-4-V,tile-4,0,-7.689483,1,2
4.66666666666667,5,out-5-V,tile-5,1.574379,53.53614,2,2
4.66666666666667,6,out-6-V,tile-6,0,7.689483,3,2
4.66666666666667,7,out-7-V,tile-7,7.475597,-7.47559,1,3
4.66666666666667,8,out-8-V,tile-8,7.68949,0,2,3
4.66666666666667,9,out-9-V,tile-9,7.515259,7.515254,3,3
4.7,1,out-1-V,tile-1,-7.515257,-7.515253,1,1
4.7,2,out-2-V,tile-2,-7.689487,0,2,1
4.7,3,out-3-V,tile-3,-7.475595,7.47559,3,1
4.7,4,out-4-V,tile-4,0,-7.689483,1,2
4.7,5,out-5-V,tile-5,1.573671,53.53614,2,2
4.7,6,out-6-V,tile-6,0,7.689483,3,2
4.7,7,out-7-V,tile-7,7.475597,-7.47559,1,3
4.7,8,out-8-V,tile-8,7.68949,0,2,3
4.7,9,out-9-V,tile-9,7.515259,7.515254,3,3
4.73333333333333,1,out-1-V,tile-1,-7.515257,-7.515253,1,1
4.73333333333333,2,out-2-V,tile-2,-7.689487,0,2,1
4.73333333333333,3,out-3-V,tile-3,-7.475595,7.47559,3,1
4.73333333333333,4,out-4-V,tile-4,0,-7.689483,1,2
4.73333333333333,5,out-5-V,tile-5,1.573671,53.53614,2,2
4.73333333333333,6,out-6-V,tile-6,0,7.689483,3,2
4.73333333333333,7,out-7-V,tile-7,7.475597,-7.47559,1,3
4.73333333333333,8,out-8-V,tile-8,7.68949,0,2,3
4.73333333333333,9,out-9-V,tile-9,7.515259,7.515254,3,3
4.76666666666667,1,out-1-V,tile-1,-7.515257,-7.515253,1,1
4.76666666666667,2,out-2-V,tile-2,-7.689487,0,2,1
4.76666666666667,3,out-3-V,tile-3,-7.475595,7.47559,3,1
4.76666666666667,4,out-4-V,tile-4,0,-7.689483,1,2
4.76666666666667,5,out-5-V,tile-5,1.654583,55.99543,2,2
4.76666666666667,6,out-6-V,tile-6,0,7.689483,3,2
4.76666666666667,7,out-7-V,tile-7,7.475597,-7.47559,1,3
4.76666666666667,8,out-8-V,tile-8,7.68949,0,2,3
4.76666666666667,9,out-9-V,tile-9,7.515259,7.515254,3,3
4.8,1,out-1-V,tile-1,-7.515257,-7.515253,1,1
4.8,2,out-2-V,tile-2,-7.689487,0,2,1
4.8,3,out-3-V,tile-3,-7.475595,7.47559,3,1
4.8,4,out-4-V,tile-4,0,-7.689483,1,2
4.8,5,out-5-V,tile-5,1.370712,47.14805,2,2
4.8,6,out-6-V,tile-6,0,7.689483,3,2
4.8,7,out-7-V,tile-7,7.475597,-7.47559,1,3
4.8,8,out-8-V,tile-8,7.68949,0,2,3
4.8,9,out-9-V,tile-9,7.515259,7.515254,3,3
4.83333333333333,1,out-1-V,tile-1,-7.515257,-7.515253,1,1
4.83333333333333,2,out-2-V,tile-2,-7.689487,0,2,1
4.83333333333333,3,out-3-V,tile-3,-7.475595,7.47559,3,1
4.83333333333333,4,out-4-V,tile-4,0,-7.689483,1,2
4.83333333333333,5,out-5-V,tile-5,1.370628,47.14807,2,2
4.83333333333333,6,out-6-V,tile-6,0,7.689483,3,2
4.83333333333333,7,out-7-V,tile-7,7.475597,-7.47559,1,3
4.83333333333333,8,out-8-V,tile-8,7.68949,0,2,3
4.83333333333333,9,out-9-V,tile-9,7.515259,7.515254,3,3
4.86666666666667,1,out-1-V,tile-1,-7.515257,-7.515253,1,1
4.86666666666667,2,out-2-V,tile-2,-7.689487,0,2,1
4.86666666666667,3,out-3-V,tile-3,-7.475595,7.47559,3,1
4.86666666666667,4,out-4-V,tile-4,0,-7.689483,1,2
4.86666666666667,5,out-5-V,tile-5,1.451541,49.60736,2,2
4.86666666666667,6,out-6-V,tile-6,0,7.689483,3,2
4.86666666666667,7,out-7-V,tile-7,7.475597,-7.47559,1,3
4.86666666666667,8,out-8-V,tile-8,7.68949,0,2,3
4.86666666666667,9,out-9-V,tile-9,7.515259,7.515254,3,3
4.9,1,out-1-V,tile-1,-7.515257,-7.515253,1,1
4.9,2,out-2-V,tile-2,-7.689487,0,2,1
4.9,3,out-3-V,tile-3,-7.475595,7.47559,3,1
4.9,4,out-4-V,tile-4,0,-7.689483,1,2
4.9,5,out-5-V,tile-5,1.451541,49.60736,2,2
4.9,6,out-6-V,tile-6,0,7.689483,3,2
4.9,7,out-7-V,tile-7,7.475597,-7.47559,1,3
4.9,8,out-8-V,tile-8,7.68949,0,2,3
4.9,9,out-9-V,tile-9,7.515259,7.515254,3,3
4.93333333333333,1,out-1-V,tile-1,-7.515257,-7.515253,1,1
4.93333333333333,2,out-2-V,tile-2,-7.689487,0,2,1
4.93333333333333,3,out-3-V,tile-3,-7.475595,7.47559,3,1
4.93333333333333,4,out-4-V,tile-4,0,-7.689483,1,2
4.93333333333333,5,out-5-V,tile-5,1.451541,49.60736,2,2
4.93333333333333,6,out-6-V,tile-6,0,7.689483,3,2
4.93333333333333,7,out-7-V,tile-7,7.475597,-7.47559,1,3
4.93333333333333,8,out-8-V,tile-8,7.68949,0,2,3
4.93333333333333,9,out-9-V,tile-9,7.515259,7.515254,3,3
4.96666666666667,1,out-1-V,tile-1,-7.515257,-7.515253,1,1
4.96666666666667,2,out-2-V,tile-2,-7.689487,0,2,1
4.96666666666667,3,out-3-V,tile-3,-7.475595,7.47559,3,1
4.96666666666667,4,out-4-V,tile-4,0,-7.689483,1,2
4.96666666666667,5,out-5-V,tile-5,1.532453,52.06665,2,2
4.96666666666667,6,out-6-V,tile-6,0,7.689483,3,2
4.96666666666667,7,out-7-V,tile-7,7.475597,-7.47559,1,3
4.96666666666667,8,out-8-V,tile-8,7.68949,0,2,3
4.96666666666667,9,out-9-V,tile-9,7.515259,7.515254,3,3
