x_value,y_value,x_nom,y_nom,record_timestamp,sensor_timestamp,frame_rate,is_event,event_id,direction,updated_x_nom,updated_y_nom,dXdt_nom,dYdt_nom,updated_dXdt_nom,updated_dYdt_nom
616.842590332031,433.642425537109,0.566950910231646,0.598479235613788,56.0320136547089,1634096550.55836,45.5739137048667,1,8,1,0.566779136657715,0.598479235613788,-0.00861096210346865,0.0110587442669956,0,0.0110587442669956
616.655700683594,433.404174804688,0.566779136657715,0.598699838143808,56.0519618988037,1634096550.58237,50.1297254658237,0,8,1,0.566779136657715,0.598699838143808,-0.0268418788826034,0.0127498211386998,-0.0191100580008978,0.0127498211386998
615.502807617188,433.010711669922,0.565719492295209,0.599064155861183,56.0778903961182,1634096550.60234,38.5676033544211,0,8,1,0.565902429468491,0.599064155861183,-0.0191109518667735,0.00845161732423416,-0.0230987183140071,0.00794160062395454
615.701843261719,432.985443115234,0.565902429468491,0.599087552671079,56.0978364944458,1634096550.62288,50.1351183361224,0,8,1,0.565719492295209,0.599064155861183,-0.00511333875133852,-0.0295679760211378,-0.00928198816836749,-0.0295679760211378
615.258666992188,434.412078857422,0.565495098338408,0.597766593650535,56.1217744350433,1634096550.65034,41.7746880073305,0,8,1,0.565495098338408,0.597766593650535,-0.0221009365945486,-0.031631500019361,-0.00468736725228397,-0.0311427638605173
614.550720214844,434.620849609375,0.564844411962173,0.597573287398727,56.1457085609436,1634096550.67455,41.7813461902438,0,8,1,0.565495098338408,0.597573287398727,0.00298484508933119,-0.0205218051149242,0.00243909955576203,-0.0113876064455894
615.410888671875,435.450958251953,0.565635007970473,0.596804668285229,56.1686477661133,1634096550.69825,43.5934895129607,0,8,1,0.565609427059398,0.597232818603516,0.0166749254644589,-0.00742114999261006,0.00304959038704569,-0.00742114999261006
615.383056640625,434.988555908203,0.565609427059398,0.597232818603516,56.1915867328644,1634096550.7187,43.5939426065085,0,8,1,0.565635007970473,0.597232818603516,0.0202569475057075,0.0105385655062885,0.0208145454812266,0.00120599130691675
616.421997070312,434.928802490234,0.566564335542567,0.597288145842376,56.2145247459412,1634096550.74233,43.595755074889,0,8,1,0.566564335542567,0.597288145842376,0.022668670117064,0.0683680924085679,0.0198262599207883,0.0676097262866813
616.539123535156,431.527526855469,0.566671988543342,0.600437475133825,56.2384603023529,1634096550.76266,41.7788491229468,0,8,1,0.566564335542567,0.600401927806713,-0.089425413065948,0.0589083059235046,-0.089425413065948,0.0589083059235046
611.279174804688,431.56591796875,0.561837476842544,0.600401927806713,56.2673828601837,1634096550.79032,34.5750886159426,0,8,1,0.561837476842544,0.600401927806713,-0.112632040768062,-0.00520005949724271,-0.101290315322871,-0.00448722579914081
610.428161621094,431.807586669922,0.561055295607623,0.600178160490813,56.2883279323578,1634096550.81835,47.7439271485487,0,8,1,0.561513227574966,0.600178160490813,-0.00722458910148552,-0.029608538236579,-0.00722458910148552,-0.0114699402397319
610.926391601562,433.001098632812,0.561513227574966,0.59907305682147,56.3122642040253,1634096550.83864,41.7776007012232,0,8,1,0.561513227574966,0.599887141474971,0.0242555119354515,-0.00634346499995606,0.0142737744919469,-0.0240884136987362
611.638854980469,432.121887207031,0.562168065239401,0.599887141474971,56.3342049121857,1634096550.86235,45.5773803055658,0,8,1,0.562168065239401,0.59907305682147,0.0225756904377465,-0.0070445684746419,0.0175453499771412,-0.0237033567660666
612.126708984375,433.372894287109,0.56261646046358,0.59872880158601,56.3611323833466,1634096550.89027,37.1367958775301,0,8,1,0.562370636883904,0.59872880158601,0.00390609999552086,-0.0378241664461767,0.00390609999552086,-0.00663812241336909
611.859252929688,434.240386962891,0.562370636883904,0.597925567626953,56.3860652446747,1634096550.91027,40.1077111383109,0,8,1,0.562370636883904,0.59872880158601,-0.0183618729189043,0.0181203385579833,-0.00739602689203162,-0.0187298186920277
611.269958496094,432.533630371094,0.561829005970674,0.599505897804543,56.4040176868439,1634096550.93449,55.7027278280964,0,8,1,0.562053456025965,0.597925567626953,-0.0075719884638959,-0.016031239499305,-0.0129302349874347,-0.0352066661354213
611.51416015625,434.965637207031,0.562053456025965,0.597254039623119,56.4279539585114,1634096550.95435,41.7776007012232,0,8,1,0.561829005970674,0.597254039623119,-0.285011327137202,-0.0428891038229319,-0.286831621332432,-0.013569174555736
593.332336425781,435.213073730469,0.545342220979578,0.597024931731047,56.4618637561798,1634096550.97828,29.49000196867,0,8,1,0.54546137417064,0.597140644214771,-0.34659386367858,-0.00236872943645249,-0.344394305640922,-0.00236872943645249
593.461975097656,435.088104248047,0.54546137417064,0.597140644214771,56.4758257865906,1634096551.00656,71.6228206485545,0,8,1,0.545342220979578,0.597140644214771,-0.052603824633273,0.0344447720412947,-0.0555906328967868,0.031544211850686
591.049133300781,433.729034423828,0.543243688695571,0.598399042200159,56.5017569065094,1634096551.02651,38.5637027297886,0,8,1,0.543243688695571,0.598399042200159,-0.0726733038164765,0.0371388206857597,-0.0701842994094398,0.0371388206857597
589.676818847656,433.16796875,0.54198237026439,0.598918547453704,56.5236976146698,1634096551.0505,45.5773803055658,0,8,1,0.54198237026439,0.598918547453704,-0.143112812356474,0.0222072813135159,-0.0805895038065342,0.0222072813135159
583.595092773438,432.580871582031,0.536392548504998,0.599462155942564,56.5496292114258,1634096551.07444,38.5629936100768,0,8,1,0.539385683396283,0.599462155942564,-0.0531342253894272,0.06804535793447,-0.0531342253894272,0.0639655506064869
586.851623535156,429.576538085938,0.539385683396283,0.602243946216725,56.5725679397583,1634096551.09857,43.5943957094749,0,8,1,0.539385683396283,0.602044564706308,0.0696092688924004,0.0539444957239352,0.00708502617336587,0.0581094192585532
587.220642089844,429.791870117188,0.539724854861989,0.602044564706308,56.5975008010864,1634096551.12636,40.1077111383109,0,8,1,0.539724854861989,0.602243946216725,0.0440661590027608,0.00647932794015819,0.0440661590027608,0.00749281123007337
589.146789550781,429.241546630859,0.541495210984174,0.602554123489945,56.6204397678375,1634096551.15027,43.5939426065085,0,8,1,0.541495210984174,0.602403259277344,0.0605309242529486,0.00836399763210165,0.056055921187083,0.0037148431266514
590.044982910156,429.404479980469,0.542320756351247,0.602403259277344,56.6403863430023,1634096551.1703,50.133919820229,0,8,1,0.542128843419692,0.602403259277344,0.0138118422331647,-0.00780892524490834,0.0138118422331647,0
589.836181640625,429.628448486328,0.542128843419692,0.602195881031178,56.6663157939911,1634096551.19435,38.566184854169,0,8,1,0.542128843419692,0.602403259277344,-0.0591828394446495,0.00194574184660848,-0.0522124543974508,-0.00424362538252982
586.898315429688,429.301788330078,0.539428598740522,0.602498344138817,56.6892545223236,1634096551.21445,43.5943957094749,0,8,1,0.539577315835392,0.602195881031178,-0.0522104165997289,-0.0536529660563991,-0.0552535275292148,-0.0578964258146494
587.060119628906,432.460235595703,0.539577315835392,0.599573855929905,56.715185880661,1634096551.23843,38.5633481666728,0,8,1,0.539428598740522,0.599573855929905,-0.140768943001888,-0.113563096270258,-0.143582369125573,-0.107841107085185
578.802490234375,435.784942626953,0.531987582936006,0.596495423493562,56.7421143054962,1634096551.26649,37.1354806721796,0,8,1,0.531987582936006,0.596495423493562,-0.187973275536581,-0.0615735408202212,-0.185262068438353,-0.0615735408202212
575.841918945312,436.10791015625,0.529266469618853,0.596196379484954,56.7700386047363,1634096551.29444,35.8111045652861,0,8,1,0.529266469618853,0.596196379484954,-0.225729455295741,-0.0320452827166752,-0.164647432997018,-0.0320452827166752
567.535278320312,437.372711181641,0.52163168963264,0.595025267424407,56.7879917621613,1634096551.31828,55.7005086253835,0,8,1,0.524433977463666,0.595025267424407,-0.124240336247653,-0.0485093173200843,-0.124240336247653,-0.0485093173200843
570.584167480469,438.145690917969,0.524433977463666,0.594309545446325,56.8089349269867,1634096551.33875,47.7482753124929,0,8,1,0.524433977463666,0.594309545446325,0.100874655213605,-0.0267282766991399,0.0423361834212608,-0.0267282766991399
572.789184570312,438.754577636719,0.526460647583008,0.593745761447483,56.8358626365662,1634096551.35859,37.1364670674588,0,8,1,0.526460647583008,0.593745761447483,0.0532506836758605,-0.0308241500822127,0.0532506836758605,-0.0284672831953106
573.993347167969,440.104583740234,0.527567414676442,0.592495755796079,56.8677780628204,1634096551.38644,31.3328104106437,0,8,1,0.527567414676442,0.592634441234447,0.0451122004407365,-0.0214286066982279,0.0451122004407365,-0.0214286066982279
575.334655761719,439.954803466797,0.528800235075109,0.592634441234447,56.8877241611481,1634096551.41449,50.1351183361224,0,8,1,0.528800235075109,0.592634441234447,0.0676940952861692,0.0997746281427414,0.0676940952861692,0.0963832319190739
577.005187988281,435.698059082031,0.530335650724523,0.596575871220342,56.9086713790894,1634096551.4386,47.7390364106125,0,8,1,0.530335650724523,0.596575871220342,0.103697603312989,0.0881356792953041,0.103697603312989,0.0876529622881592
581.298400878906,434.923309326172,0.534281618454877,0.597293232105396,56.9405834674835,1634096551.45843,31.3360876808941,0,8,1,0.534281618454877,0.597267716019242,0.0790602341410526,0.0133409685368045,0.0760908102822965,0.0133409685368045
581.465942382812,434.950866699219,0.534435608807732,0.597267716019242,56.9605300426483,1634096551.48651,50.133919820229,0,8,1,0.534281618454877,0.597267716019242,-0.256780917407697,-0.150028205926079,-0.256780917407697,-0.149419059111084
569.595764160156,441.710479736328,0.523525518529555,0.591008815058955,56.982471704483,1634096551.51036,45.5753993263066,0,8,1,0.523525518529555,0.591008815058955,-0.462728431788973,-0.155344634902563,-0.422144446388639,-0.143712518298098
558.871215820312,442.48046875,0.51366839689367,0.590295862268519,57.0054099559784,1634096551.53445,43.5953019436649,0,8,1,0.515335812288172,0.590817910653573,-0.178515430473064,-0.00416124597165123,-0.178515430473064,-0.005314889208011
560.685363769531,441.916656494141,0.515335812288172,0.590817910653573,57.0283484458923,1634096551.5586,43.5948488218603,0,8,1,0.515335812288172,0.59076498526114,0.0538736979166501,0.0100079571759129,0,0
561.618774414062,441.973815917969,0.516193726483513,0.59076498526114,57.0522849559784,1634096551.5784,41.7771845772284,0,8,1,0.515335812288172,0.590817910653573,-0.0247522870319211,0.00774208357723257,0.00340717631954065,0
559.234985351562,441.466339111328,0.514002743889304,0.591234871193215,57.0822048187256,1634096551.60638,33.422613213486,0,8,1,0.515519310446346,0.59076498526114,-0.013524447813119,-0.000285593618761117,0.00367979277962052,-0.00134693657103824
560.885009765625,441.989196777344,0.515519310446346,0.590750743724682,57.1021513938904,1634096551.63029,50.133919820229,0,8,1,0.515519310446346,0.590750743724682,0.167197565715711,-0.0129151617484097,0.132637939206171,-0.00220736772565614
567.217712402344,442.078430175781,0.521339809193331,0.59066812020761,57.1260874271393,1634096551.65434,41.7780168335076,0,8,1,0.521339809193331,0.59066812020761,0.132858075722245,-0.0290802468828314,0.121583841788062,-0.0290802468828314
567.804931640625,443.492706298828,0.521879532757927,0.589358605278863,57.1500236988068,1634096551.67828,41.7776007012232,0,8,1,0.521339809193331,0.589358605278863,-0.0093360165995912,-0.0596754340400378,-0.0093360165995912,-0.0591767798397411
566.761840820312,444.970916748047,0.520920809577493,0.587989891899957,57.1709673404694,1634096551.6943,47.7471881972588,0,8,1,0.520920809577493,0.588012271457248,-0.328028277243986,-0.0299990614668713,-0.316002136230896,-0.030497723614398
551.787780761719,444.946746826172,0.507157886729521,0.588012271457248,57.1949028968811,1634096551.72229,41.7788491229468,0,8,1,0.507157886729521,0.587989891899957,-0.3474579943658,-0.0804168579784744,-0.3474579943658,-0.0437601855963197
548.287902832031,449.215148925781,0.503941087161793,0.584060047290943,57.2198357582092,1634096551.74635,40.1077111383109,0,8,1,0.503941087161793,0.585873780427156,-0.127489260176663,-0.0446705121791324,-0.0671950839381544,-0.0442030300749458
545.1474609375,447.256317138672,0.501054651596967,0.585873780427156,57.2427754402161,1634096551.77026,43.5925833541199,0,8,1,0.503941087161793,0.585873780427156,0.0147370426074107,0.0543963798850723,-0.0191154578511894,0.0130651248016359
548.991516113281,446.637115478516,0.504587790545295,0.586447115297671,57.2637186050415,1634096551.79443,47.7482753124929,0,8,1,0.50310224645278,0.586447115297671,0.0456238594035842,0.0169145771355936,-0.0186907827304614,0.0169145771355936
547.375244140625,446.436462402344,0.50310224645278,0.586632905183015,57.2876553535461,1634096551.81464,41.7767684615231,0,8,1,0.50310224645278,0.586632905183015,-0.0497200038508152,0.00541855917814213,-0.0146677526861108,0.00541855917814213
546.18603515625,446.333618164062,0.5020092234892,0.586728131329572,57.315580368042,1634096551.83463,35.8101873196387,0,8,1,0.502341550939223,0.586728131329572,-0.0146679549803991,0.0198367224484024,-0.0146679549803991,0.0198367224484024
546.547607421875,445.325408935547,0.502341550939223,0.587661658393012,57.3395164012909,1634096551.86643,41.7780168335076,0,8,1,0.502341550939223,0.587661658393012,0.0390884564158152,0.0393629667936946,0.0322880682977789,0.0393629667936946
548.264343261719,444.256103515625,0.503919433144962,0.588651756004051,57.364449262619,1634096551.89057,40.1077111383109,0,8,1,0.503919433144962,0.588651756004051,0.0562525869916896,0.023893779759524,0.0562525869916896,0.0215815778360543
549.355407714844,444.141540527344,0.504922249737908,0.588757832845052,57.3853933811188,1634096551.91434,47.7461011315256,0,8,1,0.504922249737908,0.588651756004051,0.154964965359576,-0.0170648730872574,0.154964965359576,-0.0170648730872574
555.999328613281,445.101623535156,0.511028794681325,0.587868867097078,57.4103264808655,1634096551.93474,40.1073276150588,0,8,1,0.511028794681325,0.587868867097078,0.128342872131473,-0.0259265944873161,0.128342872131473,-0.0237559743640903
556.179382324219,445.509918212891,0.511194285224466,0.587490816469546,57.434262752533,1634096551.9546,41.7776007012232,0,8,1,0.511194285224466,0.587490816469546,0.00927218436632851,-0.0120661948967796,0.00927218436632851,-0.0117697978036711
556.522521972656,445.777465820312,0.51150967093075,0.587243087203414,57.4621887207031,1634096551.98245,35.8089643985315,0,8,1,0.51150967093075,0.587258459020544,0.0785676184191592,-0.00517728750793095,0.00702728698536124,-0.00551979564417941
560.015808105469,445.760864257812,0.514720411861644,0.587258459020544,57.4791429042816,1634096552.00649,58.982492160144,0,8,1,0.51150967093075,0.587243087203414,-0.1795746658711,-0.00121757430193246,-0.1795746658711,-0.00162318386731787
549.118103027344,445.827301025391,0.504704138811897,0.587196943495009,57.5000867843628,1634096552.02637,47.7466446582048,0,8,1,0.504704138811897,0.587196943495009,-0.377873985990351,-0.009321402681635,-0.276624040920505,-0.00325115792618366
543.614562988281,446.162475585938,0.4996457380407,0.586886596679687,57.5190362930298,1634096552.0503,52.7718168092602,0,8,1,0.500474200529211,0.587113387496383,-0.0986288146119139,-0.00194826225525004,-0.117945945910668,-0.0072363085388443
544.515930175781,445.917541503906,0.500474200529211,0.587113387496383,57.5429742336273,1634096552.07028,41.7746880073305,0,8,1,0.4996457380407,0.586886596679687,-0.0638997179427382,-0.000479539549933001,-0.0599608290792406,-0.00586001580020037
540.841125488281,446.183135986328,0.497096622691435,0.586867466679326,57.5589287281036,1634096552.09046,62.6782629486835,0,8,1,0.498082217048196,0.586879617196542,-0.0615009157202418,-0.00601052959709964,-0.0402000990182487,-0.000179451324842981
541.913452148438,446.170013427734,0.498082217048196,0.586879617196542,57.5818676948547,1634096552.11045,43.5939426065085,0,8,1,0.498082217048196,0.586879617196542,0.0487915142869036,0.00875383448398456,0.0240863983002033,0.00212843050605252
542.958923339844,445.805969238281,0.499043128069709,0.58721669514974,57.5988230705261,1634096552.13036,58.9783452387648,0,8,1,0.499043128069709,0.586964529531973,0.037054012208443,0.00230096618565072,0.037054012208443,0.00913418490140898
543.401184082031,446.078308105469,0.499449617722455,0.586964529531973,57.6187705993652,1634096552.15053,50.1315229603423,0,8,1,0.499449617722455,0.58721669514974,0.025902177436099,0.00249469025305365,0.025902177436099,0.00866161984264498
544.111267089844,445.69580078125,0.500102267545812,0.587318702980324,57.6397130489349,1634096552.17037,47.7499060781657,0,8,1,0.500102267545812,0.587318702980324,0.0471979396003892,0.0438918571988721,0.0471979396003892,0.0377248556930011
545.500915527344,444.140014648438,0.501379517947926,0.588759245695891,57.6596601009369,1634096552.19052,50.132721361637,0,8,1,0.501379517947926,0.588759245695891,0.0301253281672392,0.0489878212397798,0.0301253281672392,0.0472299024101142
545.516906738281,443.426849365234,0.501394215752097,0.589419583921079,57.6825988292694,1634096552.21038,43.5943957094749,0,8,1,0.501394215752097,0.589344194200304,0.00845602255564687,0.0139645847075564,0.00845602255564687,0.0139645847075564
545.886291503906,443.508270263672,0.501733723808737,0.589344194200304,57.7015480995178,1634096552.23035,52.7724807810868,0,8,1,0.501733723808737,0.589344194200304,0.0281271840332096,-0.00896588300186426,0.0281271840332096,-0.00707609189356493
546.737731933594,443.813140869141,0.502516297733082,0.589061906602648,57.722491979599,1634096552.2504,47.7466446582048,0,8,1,0.502516297733082,0.589061906602648,0.0549471429913867,-0.00787515910251405,0.0534585996305404,-0.00787515910251405
548.330810546875,443.856048583984,0.503980524399701,0.589022177237052,57.7424383163452,1634096552.27037,50.1345190710128,0,8,1,0.503919657538919,0.589022177237052,0.0351767026059636,-0.00229557472371565,0.0351767026059636,-0.00229557472371565
548.264587402344,443.912048339844,0.503919657538919,0.588970325611256,57.7623865604401,1634096552.29456,50.1297254658237,0,8,1,0.503919657538919,0.588970325611256,-0.0231864374226086,-0.0194635449396293,0,-0.0183316381509013
547.299255371094,444.715606689453,0.503032403833726,0.588226290102358,57.7833294868469,1634096552.31458,47.7488188886739,0,8,1,0.503919657538919,0.588272575095848,0.0125038371373165,-0.0170640959609272,0.0125038371373165,-0.0181960357488912
548.820861816406,444.665618896484,0.504430939169491,0.588272575095848,57.8032765388489,1634096552.33458,50.132721361637,0,8,1,0.504430939169491,0.588226290102358,0.0735252265855173,-7.35301867927537e-05,0.0122059911675823,-0.00117850675537663
550.650085449219,444.718933105469,0.506112210890826,0.588223210087529,57.8252172470093,1634096552.35448,45.5773803055658,0,8,1,0.504430939169491,0.588223210087529,-0.0321862867189625,-0.0455843496940089,-0.0321862867189625,-0.044505063683207
547.319091796875,446.776885986328,0.503050635842716,0.586317698160807,57.846161365509,1634096552.37437,47.7461011315256,0,8,1,0.503050635842716,0.586317698160807,-0.0876160358899111,-0.0551851743875566,-0.0431103877952552,-0.0551851743875566
546.752197265625,447.155975341797,0.502529593075023,0.585966689498336,57.8661072254181,1634096552.39432,50.1357176155584,0,8,1,0.502668156343348,0.585966689498336,-0.00891846303669414,-0.0169734795558557,-0.00891846303669414,-0.0151819772495722
546.902954101562,447.563049316406,0.502668156343348,0.585589769151476,57.8890476226807,1634096552.41438,43.5912241864912,0,8,1,0.502668156343348,0.585666599980107,0.011619339150107,-0.00668628638413268,0,-0.00839815198473268
547.319580078125,447.480072021484,0.50305108463063,0.585666599980107,57.9109885692596,1634096552.44238,45.5768850446065,0,8,1,0.502668156343348,0.585589769151476,-0.0169830175564334,-0.0293899512150634,-0.0169830175564334,-0.0309621722265989
546,449.114166259766,0.501838235294118,0.584153549759476,57.9379153251648,1634096552.46248,37.1377823426806,0,8,1,0.501838235294118,0.584153549759476,-0.0398308890325231,-0.040603187589117,-0.0184923324132104,-0.0320018951679827
545.374694824219,449.448089599609,0.50126350627226,0.583844361481843,57.955867767334,1634096552.48628,55.7027278280964,0,8,1,0.501838235294118,0.584153549759476,0.0531919341021859,0.000808613340131081,0.043575124295644,-0.00837864315101901
548.135620117188,449.081939697266,0.503801121431239,0.584183389169199,57.974817276001,1634096552.50643,52.7718168092602,0,8,1,0.503446242388557,0.583844361481843,0.0561178057100367,-0.0758964579389354,0.041341612040203,-0.083845640417971
547.74951171875,452.636291503906,0.503446242388557,0.580892322681568,57.9947633743286,1634096552.52661,50.1351183361224,0,8,1,0.503446242388557,0.580892322681568,-0.0210995025331535,-0.081075769892657,0,-0.0688349093162478
547.151123046875,452.837097167969,0.502896252800437,0.58070639151114,58.0177030563354,1634096552.54644,43.5925833541199,0,8,1,0.503446242388557,0.580892322681568,0.0176493712411606,0.00998871822599701,0.0176493712411606,0.00998871822599701
548.611328125,452.152130126953,0.504238353056066,0.581340620252821,58.0396437644958,1634096552.57051,45.5773803055658,0,8,1,0.504238353056066,0.581340620252821,0.034806552696075,0.0208593186240563,0.0189106361948759,0.0107025351693228
548.737365722656,451.893463134766,0.504354196436265,0.581580126727069,58.0595901012421,1634096552.59065,50.1345190710128,0,8,1,0.504238353056066,0.581340620252821,-0.0260527002237599,-0.00723891839437318,-0.0170009794195007,-0.00723891839437318
547.480529785156,452.464019775391,0.503199016346651,0.581051833541305,58.0795373916626,1634096552.61058,50.1321221538278,0,8,1,0.503560122321634,0.581051833541305,-0.0204148961677985,-0.0272967809821738,-0.0244300901579976,-0.0110153317373807
547.873413085938,453.040161132812,0.503560122321634,0.58051836932147,58.0984869003296,1634096552.63033,52.7718168092602,0,8,1,0.503288100747501,0.58091215910735,0.00217853491468909,-0.00341570048355445,-0.00665221398071217,-0.00372734946556919
547.577453613281,452.614868164062,0.503288100747501,0.58091215910735,58.12042927742,1634096552.65027,45.5739137048667,0,8,1,0.503288100747501,0.580899415192781,-0.0342928276148256,0.00909677913054187,-0.0277988058580283,-0.000304237848565234
546.310546875,452.628631591797,0.502123664407169,0.580899415192781,58.1403748989105,1634096552.67028,50.1363169093213,0,8,1,0.502123664407169,0.580899415192781,-0.062850436823466,-0.000311660380340161,-0.0432195827867465,0
544.576721191406,452.629638671875,0.500530074624454,0.580898482711227,58.1643116474152,1634096552.69025,41.7767684615231,0,8,1,0.501391523024615,0.580899415192781,-0.014981746341745,0.00918561740531568,-0.014981746341745,0.00918561740531568
545.513977050781,452.143829345703,0.501391523024615,0.581348306161386,58.1892437934875,1634096552.71832,40.1088617520775,0,8,1,0.501391523024615,0.581348306161386,0.0215891404972993,0.0104409039087434,0.00281129617691388,0.00995061073954485
545.654296875,452.112335205078,0.501520493451287,0.581377467402705,58.2101874351501,1634096552.73855,47.7471881972588,0,8,1,0.501520493451287,0.581355907298901,0.0853414843541469,0.000200562918240858,0.0853414843541469,0.00076944584240869
549.032958984375,452.135620117188,0.504625881419462,0.581355907298901,58.2271428108215,1634096552.75842,58.9783452387648,0,8,1,0.504625881419462,0.581377467402705,0.114854444277996,0.000506149069919364,0.0841524065206975,0.00109040283741668
550.265625,452.092163085938,0.505758846507353,0.581396145290799,58.2470893859863,1634096552.77838,50.133919820229,0,8,1,0.504625881419462,0.581396145290799,-0.0235775505718749,0.0238569649528171,-0.0196989754805742,0.00704435087996524
547.932861328125,451.030670166016,0.503614762250115,0.582379009105541,58.2700276374817,1634096552.80227,43.5953019436649,0,8,1,0.503781094270594,0.581679563169126,-0.0413136946313394,0.00592037741666301,-0.0211214872226601,0.0205312550034002
548.113830566406,451.786071777344,0.503781094270594,0.581679563169126,58.294960975647,1634096552.82232,40.1069440991413,0,8,1,0.503614762250115,0.582379009105541,-0.10490014448369,0.0332639730236989,-0.108690406833117,0.0492024771711207
542.92431640625,449.454132080078,0.499011320226333,0.58383876659252,58.3139116764069,1634096552.84648,52.7684972007297,0,8,1,0.499011320226333,0.58383876659252,-0.222515721501993,0.101171864447196,-0.218239429789666,0.0831895490006611
538.697143554688,447.536041259766,0.495126051061294,0.585614776611328,58.3338572978973,1634096552.8624,50.1363169093213,0,8,1,0.495126051061294,0.585614776611328,-0.112356871986311,0.0803689747829521,-0.112356871986311,0.0781967491666329
537.803894042969,445.818420410156,0.494305049671846,0.587205166286892,58.3557984828949,1634096552.88641,45.5763897944104,0,8,1,0.494305049671846,0.587114178692853,-0.0613824460581557,0.0366678997157471,-0.0613824460581557,0.0366678997157471
535.966247558594,445.916687011719,0.492616036359002,0.587114178692853,58.3747487068176,1634096552.90238,52.7698249940239,0,8,1,0.492616036359002,0.587114178692853,-0.0625369449562997,-0.00339578077328334,-0.060824948916195,-0.00173704077177111
534.071655273438,446.019592285156,0.490874683155733,0.587018896032263,58.410651922226,1634096552.92637,27.8526585607182,0,8,1,0.490968592026654,0.587018896032263,-0.0337110187289092,-0.00312523828676979,-0.0337110187289092,-0.00312523828676979
534.173828125,446.081634521484,0.490968592026654,0.586961449517144,58.4236183166504,1634096552.94638,77.1224418497748,0,8,1,0.490968592026654,0.586961449517144,0.0687101261853716,-0.00211907136753666,0.0654632454165988,-0.00198620197797645
536.233825683594,446.085784912109,0.492861972135656,0.586957606562862,58.4395747184753,1634096552.96639,62.6707707019693,0,8,1,0.492861972135656,0.586961449517144,0.132004017167189,0.0161042700723749,0.106999456643471,0.014176826156476
539.330261230469,445.457183837891,0.495707960689769,0.587539644594546,58.4595215320587,1634096552.98626,50.1333205837706,0,8,1,0.494810216567096,0.587470443160446,0.0527955019916812,0.0138973658398418,0.0711231984992386,0.0137932255701836
538.353515625,445.531921386719,0.494810216567096,0.587470443160446,58.4764764308929,1634096553.00627,58.98000393734,0,8,1,0.495486539952895,0.587470443160446,-0.00616703332416589,-0.0177401583478695,0.0188370290742364,-0.00168500417118902
539.08935546875,446.145080566406,0.495486539952895,0.586902703179254,58.4954254627228,1634096553.02636,52.7731447696218,0,8,1,0.495486539952895,0.587409944887515,0.0395772142204292,-0.001555382109744,0.0221892584374353,-0.0128978299749763
540.028381347656,445.597259521484,0.496349615209243,0.587409944887515,58.5153725147247,1634096553.0465,50.132721361637,0,8,1,0.496349615209243,0.586968768084491,0.0445408787302419,0.00150552447553362,0.0440167330318036,-0.0100537868419939
541.215881347656,446.07373046875,0.497441067415125,0.586968768084491,58.5393071174622,1634096553.06645,41.7805138013129,0,8,1,0.497418067034553,0.586968768084491,0.025507640004228,-0.0317787133535321,0.0260567386286989,-0.0212462973819604
541.190856933594,447.034881591797,0.497418067034553,0.586078813340929,58.5572600364685,1634096553.09075,55.7012483399734,0,8,1,0.497441067415125,0.586078813340929,0.008184777742416,-0.0858676919824655,0.00880806133720946,-0.0458068736920974
541.544494628906,449.495910644531,0.49774310168098,0.583800082736545,58.5762090682983,1634096553.11041,52.7731447696218,0,8,1,0.49774310168098,0.58527840508355,0.0306924458334027,-0.0195743379641407,0.0301299613531767,-0.020238425332057
542.556335449219,447.899322509766,0.498673102434944,0.58527840508355,58.5981507301331,1634096553.13051,45.5753993263066,0,8,1,0.498673102434944,0.585251250090422,0.0227110702405347,0.033837960800949,0.0227110702405347,-0.000633193401546948
542.604187011719,447.928649902344,0.498717083650477,0.585251250090422,58.6190948486328,1634096553.15031,47.7461011315256,0,8,1,0.498717083650477,0.585251250090422,0.00988483318927333,-0.00645971594552827,0.00988483318927333,-0.00581145080103314
543.0068359375,448.191558837891,0.499087165383732,0.585007815890842,58.6400394439697,1634096553.17047,47.74501411529,0,8,1,0.499087165383732,0.585007815890842,0.0135516474630975,-0.042673749799347,0.0135516474630975,-0.037012201802847
543.1923828125,449.767242431641,0.499257704790901,0.583548849600333,58.658988237381,1634096553.19045,52.7738087748657,0,8,1,0.499257704790901,0.583774707935474,0.0756455702966647,-0.0309111913747451,0.0756455702966647,-0.0365729423923525
546.2900390625,449.523315429688,0.502104815314798,0.583774707935474,58.6799314022064,1634096553.2104,47.7482753124929,0,8,1,0.502104815314798,0.583548849600333,0.0893452090524558,-0.00163800082855297,0.0893452090524558,-0.00659680784209632
547.361206054688,449.843109130859,0.503089343800264,0.583478602656612,58.7018740177155,1634096553.23465,45.5734185192429,0,8,1,0.503089343800264,0.583491798683449,0.0712790084899704,-0.0067538299964979,0.0597737108434783,-0.0016769897494322
549.53857421875,449.828857421875,0.505090601303998,0.583491798683449,58.7218201160431,1634096553.25445,50.1351183361224,0,8,1,0.504608659183278,0.583478602656612,0.0371559629881838,-0.0767606877808841,0.0489422081615813,-0.0467167761327598
549.014221191406,453.232971191406,0.504608659183278,0.580339841489439,58.7427642345428,1634096553.27474,47.7461011315256,0,8,1,0.505090601303998,0.581581539577908,0.004739822500162,-0.0467148694700422,0.00592237734681025,-0.0463921642048629
549.749450683594,451.891937255859,0.505284421584185,0.581581539577908,58.7627120018005,1634096553.29434,50.1309237811802,0,8,1,0.504850836361156,0.581581539577908,0.00505884110703923,0.037908926407351,-0.00500845190906793,0.0119710845862532
549.277709960938,451.273010253906,0.504850836361156,0.582154620135272,58.7906363010406,1634096553.31468,35.8111045652861,0,8,1,0.504850836361156,0.582154620135272,-0.020129970369429,0.0142588497511645,0,0.0139426732968563
548.788391113281,451.216186523438,0.504401094773236,0.582207234700521,58.8065931797028,1634096553.3265,62.668897920153,0,8,1,0.504850836361156,0.582193360505281,0.009842054334997,0.00104984615562256,0.009842054334997,0.0014258304462135
549.6728515625,451.231170654297,0.505214017980239,0.582193360505281,58.8275372982025,1634096553.35464,47.7461011315256,0,8,1,0.505214017980239,0.582207234700521,0.036551134166425,0.00650478488314565,0.0101155064589056,0.00576891387701958
550.216186523438,450.963958740234,0.505713406731101,0.582440778944227,58.8424966335297,1634096553.37441,66.8478898380722,0,8,1,0.505214017980239,0.582400484438296,-0.0194140508389657,0.00593373773617885,-0.0194140508389657,0.00669063334098307
548.935546875,451.007476806641,0.504536348230698,0.582400484438296,58.862443447113,1634096553.39459,50.1333205837706,0,8,1,0.504536348230698,0.582440778944227,-0.153075002718202,0.0319298547934702,-0.140862585960886,0.0298395262555754
543.405822753906,449.553833007812,0.499453881207634,0.583746450918692,58.8833885192871,1634096553.41444,47.7439271485487,0,8,1,0.499453881207634,0.583620678936994,-0.212804800134,0.0265965444725098,-0.212804800134,0.0259067170025251
538.313354492188,449.689666748047,0.494773303761202,0.583620678936994,58.9083213806152,1634096553.43426,40.1077111383109,0,8,1,0.494773303761202,0.583629325584129,-0.154881256445935,-0.00286433516176579,-0.145924086302571,0
536.515258789062,449.680328369141,0.493120642269359,0.583629325584129,58.9242794513702,1634096553.45881,62.6642164552612,0,8,1,0.493486909305348,0.583620678936994,-0.0307105094869361,-0.0250710953425847,-0.0394545204956166,-0.0235748572295675
536.913757324219,450.823852539062,0.493486909305348,0.582570506908275,58.9502091407776,1634096553.47842,38.5658302454095,0,8,1,0.493120642269359,0.582641827618634,-0.0428858007046801,-0.0215253597203194,-0.0321554850255324,-0.0218413384748973
534.374694824219,450.746826171875,0.491153212154613,0.582641827618634,58.9701554775238,1634096553.49855,50.1345190710128,0,8,1,0.492011743433335,0.58261868512189,-0.0369772607986284,0.00120765969674966,-0.027796224300526,0
535.308776855469,450.771820068359,0.492011743433335,0.58261868512189,58.9901030063629,1634096553.52248,50.1315229603423,0,8,1,0.492011743433335,0.582641827618634,0.037167782978493,0.00663930873535288,0.0176040426275918,0
536.149291992188,450.432159423828,0.492784275728114,0.582933185718678,59.0140392780304,1634096553.54255,41.7776007012232,0,8,1,0.492784275728114,0.58261868512189,0.0325529569795549,-0.00145709537144598,0.0325529569795549,0.00195965835835871
536.792358398438,450.837738037109,0.493375329410329,0.58255764996564,59.0319912433624,1634096553.56254,55.7042073948151,0,8,1,0.493375329410329,0.582723914252387,0.0241733147448801,-0.00582876669710916,0.0241733147448801,0.0029309110423777
537.093566894531,450.658172607422,0.493652175454532,0.582723914252387,59.0499424934387,1634096553.58246,55.7064268922742,0,8,1,0.493652175454532,0.582723914252387,0.0265400135593564,0.00454980119783523,0.0265400135593564,0.000162546158833833
537.886657714844,450.651519775391,0.494381119223202,0.582730074282046,59.0698883533478,1634096553.60238,50.1357176155584,0,8,1,0.494381119223202,0.582730074282046,0.0467671399270732,0.0167172807604439,0.0467671399270732,0.00624317784834608
539.224975585938,449.901885986328,0.495611190795898,0.583424179642289,59.0918312072754,1634096553.62298,45.5729233443799,0,8,1,0.495611190795898,0.582985432942708,0.081940066946404,0.00609598203649847,0.081940066946404,0.00609598203649847
541.621154785156,450.375732421875,0.497813561383416,0.582985432942708,59.1117780208588,1634096553.64253,50.1333205837706,0,8,1,0.497813561383416,0.582985432942708,0.0752707485464129,-0.031685387018099,0.0752707485464129,-0.00109919431856481
542.818664550781,451.403533935547,0.498914213741527,0.582033764874494,59.1357131004333,1634096553.6626,41.7796814455479,0,8,1,0.498914213741527,0.582937198215061,0.0965893001991119,-0.00109919431856481,0.0965893001991119,-0.00365882959468569
546.232666015625,450.427825927734,0.50205208273495,0.582937198215061,59.1556599140167,1634096553.68635,50.1333205837706,0,8,1,0.50205208273495,0.582824876573351,0.144233677984829,0.0193472121264696,0.132557187160646,-0.000214915275627344
549.235412597656,450.549133300781,0.50481196010814,0.582824876573351,59.1766033172607,1634096553.70644,47.747731748688,0,8,1,0.504334505866556,0.582928410282841,0.0586785852585397,-0.000225928059908036,0.0709534080264466,0.00266173765736746
548.715942382812,450.437316894531,0.504334505866556,0.582928410282841,59.1945569515228,1634096553.72648,55.6990292551426,0,8,1,0.50481196010814,0.582928410282841,0.0212978454061272,0.0257992107866504,0.0209871430145003,0.0233275593728279
550.2060546875,449.381988525391,0.505704094381893,0.583905566180194,59.2184917926788,1634096553.74658,41.7800976192848,0,8,1,0.505213625290815,0.583905566180194,0.0215000065168025,0.0893059448177837,0.00982324335782363,0.0822930474409266
549.672424316406,446.493530273438,0.505213625290815,0.586580064561632,59.2354462146759,1634096553.7665,58.9816627292159,0,8,1,0.505213625290815,0.586293312355324,-0.0267291289167332,0.06840334221242,0,0.0766181221176527
549.19091796875,446.80322265625,0.504771064309513,0.586293312355324,59.2533986568451,1634096553.78645,55.7027278280964,0,8,1,0.505213625290815,0.586580064561632,0.0251717096981849,0.0111716578570759,0.0109020199168236,0.0064830195549765
550.737670898438,446.024230957031,0.506192712222829,0.587014600965712,59.2743425369263,1634096553.80674,47.7466446582048,0,8,1,0.50563767377068,0.58654547797309,0.021193564828111,0.00616689363204856,0.02394428320463,-0.000845840184414865
550.1337890625,446.530883789062,0.50563767377068,0.58654547797309,59.2942888736725,1634096553.82669,50.1345190710128,0,8,1,0.506192712222829,0.58654547797309,0.00754282366797312,-0.0227193836597868,0.01336937370764,-0.0112467064836367
551.0732421875,447.027557373047,0.506501141716452,0.586085595024957,59.3152329921722,1634096553.84675,47.7461011315256,0,8,1,0.506184353547938,0.586085595024957,0.0137036000601935,-0.0155985681361527,-0.000209526568394793,-0.0155985681361527
550.728576660156,447.202941894531,0.506184353547938,0.585923201949508,59.3341820240021,1634096553.86628,52.7731447696218,0,8,1,0.506184353547938,0.585923201949508,-0.0233876379112827,-0.00776233347657686,0,-0.00417502391109476
550.08349609375,447.353637695312,0.505591448615579,0.585783668800637,59.3541293144226,1634096553.88629,50.1321221538278,0,8,1,0.506184353547938,0.585923201949508,0.00730174388082294,0.011286543972614,0.00730174388082294,-0.00358711167770885
551.03759765625,446.728790283203,0.506468380198759,0.586362231219256,59.3730804920197,1634096553.9063,52.7671694742536,0,8,1,0.506468380198759,0.585783668800637,0.0748132085581017,-0.0336953447053848,0.0595699019331243,-0.037282676259747
553.24951171875,448.769104003906,0.508501389447381,0.584473051848235,59.3930253982544,1634096553.92645,50.1381148765764,0,8,1,0.508501389447381,0.584473051848235,0.0594014782456888,-0.0553688575660025,0.0594014782456888,-0.0412191151962757
553.68017578125,449.173858642578,0.508897220387178,0.58409827903465,59.413969039917,1634096553.94656,47.7471881972588,0,8,1,0.508897220387178,0.58409827903465,0.0193396372017294,-0.0180932328748855,0.0144131537519703,-0.0180932328748855
554.109924316406,449.568145751953,0.509292209849638,0.583733198377821,59.4339165687561,1634096553.96654,50.1315229603423,0,8,1,0.50909076017492,0.583733198377821,0.00441042240343118,-0.00853782021253167,0.00900109685288306,-0.00831952916102032
553.890747070312,449.578491210938,0.50909076017492,0.583723619249132,59.4578514099121,1634096553.98235,41.7800976192848,0,8,1,0.509292209849638,0.583733198377821,0.0223274162721728,0.0266162335224438,0.0157686908673816,0.0030436182160542
555.200134277344,448.278076171875,0.510294241063735,0.584927707248264,59.4787955284119,1634096554.00244,47.7461011315256,0,8,1,0.509798442616182,0.583869792796947,0.0165018390426426,0.00340849541785093,0.0233655052699156,0.00318512794314937
554.660705566406,449.420623779297,0.509798442616182,0.583869792796947,59.5007364749908,1634096554.03064,45.5768850446065,0,8,1,0.510294241063735,0.583869792796947,0.015344351446115,-0.0308393997914146,0.0266426417136152,-0.00109724463375193
555.932739257812,449.739654541016,0.510967591229607,0.583574393943504,59.5226781368256,1634096554.05038,45.5753993263066,0,8,1,0.510967591229607,0.58382164284035,0.0787165299742239,-0.00112272379116325,0.0575887192768849,-0.00688788410379765
558.333679199219,449.472625732422,0.513174337499282,0.58382164284035,59.5436232089996,1634096554.07434,47.7439271485487,0,8,1,0.51276403314927,0.583574393943504,0.0400281745949944,-0.0080717358206409,0.0491705431734602,-0.0124847464576923
557.887268066406,450.130889892578,0.51276403314927,0.583212138988354,59.5675575733185,1634096554.09462,41.7809299916325,0,8,1,0.513174337499282,0.583261334454572,0.0484821993065574,-0.0117047529345307,0.0565248701107846,-0.00756744831411391
560.858764648438,450.077758789062,0.51549518809599,0.583261334454572,59.5914933681488,1634096554.11842,41.7784329740821,0,8,1,0.515469887677361,0.583212138988354,0.0589791269966534,-0.011960437522342,0.0505872509635886,-0.0130327441151785
560.831237792969,450.723510742188,0.515469887677361,0.582663415979456,59.6134357452393,1634096554.14273,45.5739137048667,0,8,1,0.51549518809599,0.582663415979456,0.108180787896002,-0.0252950135598757,0.108784775755971,-0.0130994684601705
565.789123535156,451.222106933594,0.520026767955107,0.582201752839265,59.6333823204041,1634096554.16284,50.133919820229,0,8,1,0.520026767955107,0.582663415979456,0.193879574253705,0.0198371400972782,0.162705114557989,0.0198371400972782
569.246337890625,449.868835449219,0.523204354678883,0.583454781991464,59.6533288955688,1634096554.18256,50.133919820229,0,8,1,0.52198600769043,0.583454781991464,0.0491113033690315,0.0504575095693353,0.0491113033690315,0.0388852256249798
567.920776367188,449.048126220703,0.52198600769043,0.584214697943793,59.6732761859894,1634096554.20263,50.1321221538278,0,8,1,0.52198600769043,0.584214697943793,-0.0490004677328706,0.0262683410709893,-0.0199146429208552,0.0262683410709893
567.01318359375,448.680480957031,0.52115182315602,0.584555110224971,59.6952168941498,1634096554.22241,45.5773803055658,0,8,1,0.52115182315602,0.584555110224971,-0.035648996852651,0.0231781309714281,-0.035648996852651,0.00775738140888984
566.21875,447.949645996094,0.520421645220588,0.585231809262876,59.7171585559845,1634096554.25041,45.5753993263066,0,8,1,0.520421645220588,0.584555110224971,-0.265259259519656,-0.0388343466063908,-0.265259259519656,-0.0388343466063908
554.348571777344,450.520965576172,0.509511554942412,0.582850957799841,59.7390995025635,1634096554.27026,45.5768850446065,0,8,1,0.509511554942412,0.582850957799841,-0.32220458002125,-0.0700733649601801,-0.306225974827329,-0.0549951312362926
550.485961914062,451.346069335938,0.505961362053366,0.582086972837095,59.7620377540588,1634096554.29057,43.5953019436649,0,8,1,0.506678469040815,0.582086972837095,-0.0645598614000133,-0.0564958941306323,-0.080901168838873,-0.0564958941306323
551.266174316406,453.198516845703,0.506678469040815,0.580371743661386,59.7829825878143,1634096554.31443,47.7444706257328,0,8,1,0.505961362053366,0.580371743661386,-0.0160658552413451,-0.0558629174097706,-0.0236748130278849,-0.0493231000384102
549.788635253906,453.7529296875,0.505320436814252,0.5798583984375,59.8019313812256,1634096554.33441,52.7738087748657,0,8,1,0.505733994876637,0.580119295473452,-0.0230975334369475,-0.00617373209671336,-0.0156741102112636,-0.0125540845087308
550.238586425781,453.471160888672,0.505733994876637,0.580119295473452,59.8238732814789,1634096554.3546,45.5749041083983,0,8,1,0.505320436814252,0.5798583984375,-0.124033187928644,-0.0123375629007018,-0.133457378452738,-0.0182829031022776
543.866760253906,454.337646484375,0.499877536998076,0.579316993995949,59.8458139896393,1634096554.3745,45.5773803055658,0,8,1,0.499877536998076,0.579316993995949,-0.362324690287136,-0.025851093263168,-0.35290090936575,-0.0199060114633553
532.938903808594,454.696380615234,0.489833551294663,0.578984832763672,59.8677577972412,1634096554.39846,45.5709427525288,0,8,1,0.489833551294663,0.578984832763672,-0.410103842912839,-0.0362725561605677,-0.359938627858071,-0.0362725561605677
523.396667480469,456.134857177734,0.481063113493078,0.577652910020616,59.8916912078857,1634096554.41836,41.7825948358304,0,8,1,0.483364554012523,0.577652910020616,-0.147424780633549,-0.0991545994339249,-0.187499161015461,-0.0991545994339249
525.900634765625,459.395355224609,0.483364554012523,0.574633930347584,59.9116377830505,1634096554.44314,50.133919820229,0,8,1,0.481606090770048,0.574633930347584,0.0118352601244343,-0.0819065414660628,0,-0.0716355031717717
523.987426757812,460.193176269531,0.481606090770048,0.573895207157841,59.9375691413879,1634096554.46249,38.5633481666728,0,8,1,0.483364554012523,0.574366421169705,0.00491452397498699,-0.00623774740689016,0.0459181621223923,-0.00623774740689016
526.129943847656,459.684265136719,0.483575316036449,0.574366421169705,59.9545233249664,1634096554.48245,58.982492160144,0,8,1,0.483575316036449,0.574366421169705,0.107821929389567,0.0215510831667512,0.0648171807714567,0.0100271345074538
528.784240722656,459.241455078125,0.486014927134794,0.574776430483218,59.9784591197968,1634096554.50246,41.7784329740821,0,8,1,0.486014927134794,0.574776430483218,0.0868653081495172,0.0196793426354191,0.0520445073405399,0.0196793426354191
530.560119628906,458.68798828125,0.487647168776568,0.575288899739583,60.0013988018036,1634096554.53045,43.5925833541199,0,8,1,0.486014927134794,0.575288899739583,-0.0131453298476863,0.0193386214640292,-0.0127592664796142,0.0170932988840146
528.156616210938,458.324920654297,0.485438066370347,0.575625073468244,60.0223424434662,1634096554.55428,47.7471881972588,0,8,1,0.485455008114085,0.575526541250723,-0.0488455478452784,0.00529510906799448,-0.0128535652299978,0.00529510906799448
528.175048828125,458.431335449219,0.485455008114085,0.575526541250723,60.0462782382965,1634096554.57445,41.7784329740821,0,8,1,0.485438066370347,0.575526541250723,-0.00673587482958776,-0.0057503252869928,0,0
527.835021972656,458.597442626953,0.48514248343075,0.575372738308377,60.0662243366241,1634096554.59828,50.1351183361224,0,8,1,0.485455008114085,0.575526541250723,0.0160208306467242,0.00737803898399094,0.0164351388206552,0.00626480298108081
528.887817382812,458.105499267578,0.486110126270967,0.575828241418909,60.0871698856354,1634096554.61844,47.7428402312981,0,8,1,0.486110126270967,0.575782719364873,0.0403202094502576,0.00934272821957707,0.0331983360562454,0.00687520223312948
529.760070800781,458.154663085938,0.48691182978013,0.575782719364873,60.1101067066193,1634096554.64257,43.598020872313,0,8,1,0.48691182978013,0.575828241418909,0.0195048246969667,0.00319251784518062,0.0195048246969667,0
529.7978515625,457.957641601562,0.486946554744945,0.57596514666522,60.1300530433655,1634096554.66253,50.1345190710128,0,8,1,0.486946554744945,0.575782719364873,0.00687952988316561,-0.0117502622374806,0.00687952988316561,0.00326827145879133
530.073608398438,458.686248779297,0.487200007719152,0.57529051038954,60.1519958972931,1634096554.68241,45.5729233443799,0,8,1,0.487200007719152,0.57596514666522,0.0815317434345909,0.00609514243032936,0.0815317434345909,0.00852585896048098
533.690673828125,457.668762207031,0.490524516386144,0.576232627586082,60.1739373207092,1634096554.70288,45.5758945549772,0,8,1,0.490524516386144,0.576156870524088,0.0726459460848092,0.0188842232662142,0.0726459460848092,0.00583033455439935
533.69970703125,457.750579833984,0.490532818962546,0.576156870524088,60.1978733539581,1634096554.72238,41.7780168335076,0,8,1,0.490532818962546,0.576232627586082,0.00871989581612641,0.0111312060423264,0.000180976662577401,0.0127825320383185
534.125915527344,457.117248535156,0.490924554712632,0.576743288393374,60.2198138237,1634096554.74693,45.5778755772888,0,8,1,0.490532818962546,0.576743288393374,-0.0886590335241233,0.100520375879456,-0.0886590335241233,0.092461318096641
529.370544433594,452.878326416016,0.486553809222053,0.580668216281467,60.2427532672882,1634096554.7703,43.5930364288313,0,8,1,0.486553809222053,0.580382283528646,-0.1847203193825,0.0868739148729427,-0.157038185809179,0.0937000019394502
525.707397460938,453.187133789062,0.483186946195715,0.580382283528646,60.2617020606995,1634096554.79026,52.7738087748657,0,8,1,0.4839547662174,0.580668216281467,-0.0723888152795446,0.00256646361619851,-0.0723888152795446,0
526.542785644531,452.77880859375,0.4839547662174,0.580760362413195,60.2786571979523,1634096554.81044,58.9791745763904,0,8,1,0.4839547662174,0.580382283528646,0.0867456928121597,-0.0148871215547796,0.0653604319551652,-0.0150350798362481
529.096008300781,453.764404296875,0.48630147821763,0.57984777379919,60.2976062297821,1634096554.83052,52.7731447696218,0,8,1,0.48630147821763,0.580128394232856,0.0558171876103125,-0.0134822621445524,0.0504447877908001,-0.00993160155740114
529.389404296875,453.461334228516,0.486571143655216,0.580128394232856,60.325531244278,1634096554.85062,35.8101873196387,0,8,1,0.486319317537196,0.579916749177156,0.00037264755247052,0.00144083442670919,0.00563307164998682,0
529.115417480469,453.689910888672,0.486319317537196,0.579916749177156,60.3454780578613,1634096554.87046,50.1333205837706,0,8,1,0.486571143655216,0.580128394232856,0.00646859732835109,0.00463686424506954,0.0123199394882606,0.0102213815622438
529.656127929688,453.271545410156,0.486816294053022,0.580304124620226,60.3634297847748,1634096554.89473,55.7049472076499,0,8,1,0.48678622526281,0.580304124620226,0.012003609880495,0.0152366111997506,0.0063025081314341,0.00979548323722255
529.623413085938,453.049835205078,0.48678622526281,0.58050941184715,60.384375333786,1634096554.91877,47.7428402312981,0,8,1,0.486816294053022,0.58050941184715,0.034065803068936,0.00652479991822853,0.0347510053522338,0.00467804908772457
531.282592773438,452.962310791016,0.488311206593233,0.580590452971282,60.4073128700256,1634096554.9383,43.5966613655971,0,8,1,0.488311206593233,0.58050941184715,0.034170053390686,-0.00739753007716561,0.0335000523437962,-0.00739753007716561
531.291870117188,453.408386230469,0.488319733563591,0.580177420156973,60.4292540550232,1634096554.95842,45.5763897944104,0,8,1,0.488319733563591,0.580177420156973,0.00132745976137858,-0.0113292121388101,0.00132745976137858,-0.00739729428803824
531.347412109375,453.511444091797,0.488370783188764,0.580081996211299,60.4521930217743,1634096554.97837,43.5939426065085,0,8,1,0.488370783188764,0.580177420156973,0.0262372869725266,0.00226373945889176,0.00423882422125914,-0.00191355398063973
532.715393066406,453.286468505859,0.489628118627212,0.580290306939019,60.4791214466095,1634096554.99831,37.1354806721796,0,8,1,0.488531112670898,0.580081996211299,0.0032807764351033,-0.00645692991903834,0.025728496235225,-0.0084095628855093
531.521850585938,453.852233886719,0.488531112670898,0.57976645010489,60.5010623931885,1634096555.03067,45.5768850446065,0,8,1,0.489628118627212,0.57976645010489,0.0143029353570263,-0.0186781370466217,0.0377063242706832,-0.014234061836585
533.44482421875,454.232025146484,0.490298551671645,0.579414791531033,60.5259952545166,1634096555.05481,40.1077111383109,0,8,1,0.490298551671645,0.579414791531033,0.0499691529969928,-0.0270239294155285,0.0265661211943221,-0.0075021258911937
534.070251464844,455.220306396484,0.490873392890481,0.578499716299552,60.5479369163513,1634096555.07846,45.5753993263066,0,8,1,0.490873392890481,0.579414791531033,0.460917213045792,0.0584965242877799,0.460917213045792,0.0584965242877799
555.450744628906,451.459716796875,0.510524581460392,0.581981743706597,60.5698773860931,1634096555.09863,45.5778755772888,0,8,1,0.510524581460392,0.581981743706597,0.447038647601581,0.112120951404843,0.447038647601581,0.0921749791886391
556.384155273438,449.664947509766,0.511382495655733,0.583643567120587,60.5938146114349,1634096555.11862,41.7759362549801,0,8,1,0.511382495655733,0.583643567120587,0.0562848020357457,0.0708910620309158,0.0562848020357457,0.0708910620309158
558.748779296875,447.336364746094,0.513555863324334,0.585799662272135,60.6237335205078,1634096555.14629,33.4236785694364,0,8,1,0.513555863324334,0.585799662272135,0.0473296806206616,0.054701273820188,0.0473296806206616,0.047453066265813
559.054748535156,446.601104736328,0.513837085050695,0.586480458577474,60.6456761360168,1634096555.17026,45.5734185192429,0,8,1,0.513837085050695,0.586104555483218,0.00722349266308236,0.00679346168665638,0.00722349266308236,0.00694078977142466
559.101501464844,447.007080078125,0.513880056493423,0.586104555483218,60.668613910675,1634096555.19446,45.5783708597757,0,8,1,0.513880056493423,0.586111167625145,0.0522485201994591,-0.00841542847333797,0.0515965482559901,0
561.54931640625,446.999938964844,0.516129886402803,0.586111167625145,60.6895587444305,1634096555.2184,45.5739137048667,0,8,1,0.516101276173311,0.586104555483218,0.05302879887649,-0.00659691720271898,0.053711831770209,-0.00675477369371076
561.518188476562,447.305511474609,0.516101276173311,0.585828230116102,60.7105009555817,1634096555.23873,47.7504496914775,0,8,1,0.516129886402803,0.585828230116102,0.140481778542752,-0.0112903169277339,0.141079438703219,-0.00577236415730039
568.866027832031,447.583648681641,0.522854804992676,0.585570695665148,60.7374291419983,1634096555.26642,37.1358094647837,0,8,1,0.522854804992676,0.585828230116102,0.156796010409713,0.0026094463675328,0.148576203506541,0.0026094463675328
571.556518554688,447.139678955078,0.525327682495117,0.585981778745298,60.769344329834,1634096555.29052,31.3330444786422,0,8,1,0.524872611550724,0.585981778745298,0.0449591706383493,0.0220303514666064,0.0449591706383493,0.0162921724129632
571.061401367188,446.515808105469,0.524872611550724,0.586559436939381,60.7823100090027,1634096555.31064,77.1266963333456,0,8,1,0.524872611550724,0.586559436939381,-0.0299834263056856,0.103063174202057,0,0.103063174202057
570.38525390625,443.143249511719,0.524251152487362,0.589682176378038,60.8052484989166,1634096555.33442,43.5948488218603,0,8,1,0.524872611550724,0.589682176378038,0.00641244336837737,0.0948776403469619,-0.00368678809222231,0.0948776403469619
571.381469726562,441.81494140625,0.525166792028091,0.590912091290509,60.8281865119934,1634096555.3586,43.595755074889,0,8,1,0.524703474605785,0.590912091290509,0.00907054222447774,0.0777919793399739,0.00589928357003159,0.0777919793399739
570.877380371094,438.953643798828,0.524703474605785,0.593561440927011,60.8551156520844,1634096555.37832,37.1344943292991,0,8,1,0.525166792028091,0.593561440927011,0.0428255889167348,0.116667143403949,0.0517591244507716,0.116667143403949
573.797973632812,435.280212402344,0.527387843412511,0.596962766294126,60.8800492286682,1634096555.41041,40.1065605905583,0,8,1,0.527387843412511,0.596962766294126,0.0924832200897447,0.115933883652412,0.0508304721103963,0.11017887899415
575.794677734375,432.834808349609,0.529223049388212,0.599227029305917,60.90398478508,1634096555.43445,41.7788491229468,0,8,1,0.527650833129883,0.598945787217882,0.0056105329138709,0.0423050918979032,0.0056105329138709,0.0423050918979032
574.084106445312,433.138549804688,0.527650833129883,0.598945787217882,60.9269235134125,1634096555.45841,43.5943957094749,0,8,1,0.527650833129883,0.598945787217882,-0.322629262183348,-0.0806955038128428,-0.288358462827878,-0.0745650550795351
559.691162109375,436.832977294922,0.514422023997587,0.59552502102322,60.9498610496521,1634096555.47827,43.5966613655971,0,8,1,0.514422023997587,0.59552502102322,-0.431452438787842,-0.0900280517704245,-0.431452438787842,-0.0900280517704245
552.548522949219,437.599182128906,0.507857098298914,0.594815572102865,60.9728004932404,1634096555.5024,43.5930364288313,0,8,1,0.507857098298914,0.594815572102865,-0.165921158167977,-0.0356689393067176,-0.165921158167977,-0.0243933391212384
550.508911132812,438.792419433594,0.505982455085306,0.593710722746672,61.0007259845734,1634096555.52651,35.8095758486442,0,8,1,0.505982455085306,0.594284255416305,-0.0554921684618286,-0.0104458826074499,-0.0554921684618286,-0.0217217470590513
549.477600097656,438.173004150391,0.505034558913287,0.594284255416305,61.0236642360687,1634096555.55446,43.5953019436649,0,8,1,0.505034558913287,0.593710722746672,-0.0764124230590458,-0.00369154985692172,-0.0552965465226185,-0.0167610400795357
546.860595703125,438.967376708984,0.502629223991843,0.593548725269459,61.0446093082428,1634096555.57439,47.7439271485487,0,8,1,0.503555858836454,0.593548725269459,-0.031545922540778,-0.0195308458616499,-0.031545922540778,-0.00729535777700804
547.868774414062,439.161743164062,0.503555858836454,0.593368756329572,61.0705387592316,1634096555.59443,38.566184854169,0,8,1,0.503555858836454,0.593368756329572,0.0461397460063559,-0.0197994874584337,0.0259410731416102,-0.0197994874584337
549.16357421875,439.948364257812,0.504745932186351,0.592640403464988,61.0904853343964,1634096555.62242,50.133919820229,0,8,1,0.504745932186351,0.592640403464988,0.0520926126217455,-0.0292757777370352,0.0520926126217455,-0.0292757777370352
550.468933105469,440.612274169922,0.505945710574879,0.592025672064887,61.1164157390594,1634096555.64634,38.5647664582567,0,8,1,0.505945710574879,0.592025672064887,0.0318837726596723,-0.0579376298749666,0.0318837726596723,-0.0409904481584588
551.031860351562,443.318359375,0.506463106940774,0.589520037615741,61.1443426609039,1634096555.66634,35.8077415609473,0,8,1,0.506463106940774,0.590432767514829,0.015426759656874,-0.033273036578836,0.015426759656874,-0.05233839446098
551.2724609375,442.332611083984,0.506684247185202,0.590432767514829,61.1642894744873,1634096555.6904,50.1333205837706,0,8,1,0.506684247185202,0.589520037615741,0.0190441437887598,-0.0222023344925217,0.0190441437887598,-0.00582501613038695
551.837768554688,444.251007080078,0.507203831392176,0.588656474925854,61.1832377910614,1634096555.71448,52.7751368354829,0,8,1,0.507203831392176,0.590206202754268,0.0297302847844007,-0.00528298095065006,0.0297302847844007,0.0159998286885555
552.65966796875,442.577301025391,0.507959253647748,0.590206202754268,61.2071752548218,1634096555.73445,41.7755201641418,0,8,1,0.507959253647748,0.590206202754268,0.0667973131228305,0.03663513960514,0.0667973131228305,0.00555771591362005
555.461853027344,442.277984619141,0.510534791385426,0.59048334757487,61.233104467392,1634096555.75433,38.5665394694497,0,8,1,0.510534791385426,0.59048334757487,0.131699549855072,0.0113244404600742,0.131699549855072,0.00578942465637431
559.51904296875,441.991821289062,0.514263826258042,0.590748313621238,61.2550461292267,1634096555.78252,45.5753993263066,0,8,1,0.514263826258042,0.59048334757487,0.104759285165094,-0.000549090356598344,0.104759285165094,0.0053135400142767
561.1455078125,442.307556152344,0.515758738798254,0.590455966525608,61.2829706668854,1634096555.80662,35.810798811516,0,8,1,0.515758738798254,0.590748313621238,0.0524994529783729,0.00118941244429242,0.0299784735030744,0.00650295245856837
562.367370605469,441.927764892578,0.516881774453556,0.590807625099465,61.3049123287201,1634096555.83443,45.5753993263066,0,8,1,0.515758738798254,0.590807625099465,-0.0213706022036542,0.0267571889227288,0.0159807655830484,0.0202432382287185
560.101989746094,441.010620117188,0.514799622928395,0.591656833224826,61.327850818634,1634096555.85457,43.5948488218603,0,8,1,0.51647595798268,0.591656833224826,-0.00924747313180825,0.0521180650505617,0.00934718323744626,0.0451162756068936
561.925842285156,439.457641601562,0.51647595798268,0.59309477629485,61.3487963676453,1634096555.87449,47.7428402312981,0,8,1,0.516168930951287,0.592787509494358,0.0298466125733114,0.0246451901240482,-0.000608939860750462,0.0313426409514784
561.591796875,439.789489746094,0.516168930951287,0.592787509494358,61.3737289905548,1634096555.90252,40.1080946688979,0,8,1,0.516448020935059,0.59309477629485,-0.000583585942241571,0.00143376554000128,0.00583000012598662,0.00785236022179059
561.895446777344,439.383514404297,0.516448020935059,0.593163412588614,61.3966677188873,1634096555.92633,43.5943957094749,0,8,1,0.516448020935059,0.593163412588614,0.0394720672150031,0.0117913675074368,0.0293900599600968,0.00509374264972658
563.56201171875,439.205261230469,0.517979790182675,0.59332846182364,61.4196059703827,1634096555.95058,43.5953019436649,0,8,1,0.517796348122989,0.59332846182364,0.0281656387995204,0.0117215792891907,0.0281656387995204,0.00854651760136846
563.362426757812,438.777496337891,0.517796348122989,0.593724540427879,61.4445390701294,1634096555.97027,40.1073276150588,0,8,1,0.517796348122989,0.593572545934606,-0.00953603959946414,0.00520723364204512,-0.0056225293722616,0.00520723364204512
563.07568359375,438.941650390625,0.517532797420726,0.593572545934606,61.4664800167084,1634096555.99437,45.5768850446065,0,8,1,0.517532797420726,0.593572545934606,-0.0105999613722377,-0.00428630979581478,-0.0053929628034146,0
562.798828125,439.003723144531,0.517278334673713,0.593515071162471,61.4934084415436,1634096556.0144,37.1354806721796,0,8,1,0.517532797420726,0.593572545934606,0.0297000358040337,0.0332594376984951,0.0297000358040337,0.0241702065059587
564.751525878906,437.078765869141,0.519073093638701,0.595297439010055,61.5183417797089,1634096556.04237,40.1069440991413,0,8,1,0.519073093638701,0.594826055456091,0.0580265808323074,0.0268262974473021,0.0528195822634843,0.0256502075883231
565.884094238281,437.587860107422,0.520114057204303,0.594826055456091,61.5422778129578,1634096556.07043,41.7780168335076,0,8,1,0.520114057204303,0.594826055456091,0.0247616235187936,-0.0104442739096674,0.0226902067167865,0
565.987487792969,437.596252441406,0.520209088045008,0.594818284776476,61.5642189979553,1634096556.09449,45.5763897944104,0,8,1,0.520114057204303,0.594826055456091,-0.0181201899555737,0.00552661431789533,-0.0181201899555737,0.00552661431789533
564.940307617188,437.302124023438,0.519246606265797,0.595090625904225,61.5901498794556,1634096556.11437,38.5640572994244,0,8,1,0.519246606265797,0.595090625904225,-0.0336863830405901,0.022557650192517,-0.0318539787996785,0.0224078143479043
564.086730957031,436.332794189453,0.51846206889433,0.595988153528284,61.6160802841187,1634096556.14256,38.5647664582567,0,8,1,0.51846206889433,0.595988153528284,-0.0337883881053193,0.049384585246626,-0.0337883881053193,0.049384585246626
563.180480957031,434.748901367188,0.517629118526683,0.597454720956308,61.6380209922791,1634096556.16648,45.5773803055658,0,8,1,0.517629118526683,0.597454720956308,-0.0261494972320871,0.0528465354396541,-0.0261494972320871,0.0528465354396541
562.781494140625,433.714385986328,0.51726240270278,0.598412605568215,61.6619575023651,1634096556.19038,41.7771845772284,0,8,1,0.51726240270278,0.598412605568215,-0.0795863191329219,0.0603799481682614,-0.0672443899471061,0.05671819159858
559.294250488281,431.822204589844,0.514057215522317,0.600164625379774,61.6829018592834,1634096556.2103,47.7455576172208,0,8,1,0.514611132004682,0.600000282570168,-0.0590741454836013,0.0353757397392983,-0.0590741454836013,0.0390375352137521
559.896911621094,431.999694824219,0.514611132004682,0.600000282570168,61.7068378925323,1634096556.23442,41.7780168335076,0,8,1,0.514611132004682,0.600164625379774,0.013205553990351,0.0517774789190475,0.00346174588238975,0.0516537104294955
560.111022949219,428.643280029297,0.514807925504797,0.603108074046947,61.7397499084473,1634096556.26242,30.3840397557283,0,8,1,0.514807925504797,0.602936695240162,0.00592098420575156,0.0555524817206274,0.00372303505893162,0.0556855921341148
560.237426757812,428.828369140625,0.514924105475931,0.602936695240162,61.7596962451935,1634096556.29027,50.1345190710128,0,8,1,0.514807925504797,0.603108074046947,-0.00508229194368171,0.0228344726212057,-0.000999959064193152,0.0266530200031199
559.862854003906,427.536468505859,0.514579829047708,0.604132899531612,61.7846305370331,1634096556.31029,40.1054101088141,0,8,1,0.514763046713436,0.604132899531612,-0.0032297873920377,0.0770736427108852,-0.00457412592684665,0.0518395271862371
560.062194824219,424.677490234375,0.514763046713436,0.606780101634838,61.809562921524,1634096556.33045,40.1084782068201,0,8,1,0.514579829047708,0.605693138970269,-0.0259821265069477,0.0347651298808954,-0.0186172323772879,0.0347651298808954
558.594177246094,425.851409912109,0.513413765851189,0.605693138970269,61.829509973526,1634096556.35827,50.132721361637,0,8,1,0.513927515815286,0.605693138970269,-0.0194828107754478,-0.0415788330373371,-0.0152105628908991,0
559.153137207031,426.603271484375,0.513927515815286,0.604996970847801,61.8524484634399,1634096556.38245,43.5948488218603,0,8,1,0.513927515815286,0.605693138970269,0.117242315377192,0.0194798215668935,0.098900467350381,0.0194798215668935
564.4462890625,424.88623046875,0.51879254509421,0.606586823640046,61.875387430191,1634096556.40649,43.5939426065085,0,8,1,0.518464817720301,0.606586823640046,0.0842493084125333,0.0405410178048064,0.086027396832066,0.027614462754116
564.089721679688,424.245239257812,0.518464817720301,0.607180334020544,61.9063041210175,1634096556.43062,32.3449882011814,0,8,1,0.518560577841366,0.607180334020544,-0.00401012763310965,0.0177796584735931,0.00165545051262509,0.0102602947105339
564.193908691406,423.775482177734,0.518560577841366,0.607615294279876,61.9332327842712,1634096556.45847,37.1351518853976,0,8,1,0.518560577841366,0.607180334020544,0.0452503398781834,-0.00107606052203555,0.0433300353293554,0.00872237999769533
566.544799804688,424.303192138672,0.520721323349897,0.607126673945674,61.9561712741852,1634096556.48655,43.5948488218603,0,8,1,0.520721323349897,0.607615294279876,0.0481948182982111,0.00136292636639698,0.0481948182982111,0.0104489053868315
566.7041015625,423.705017089844,0.52086774040671,0.607680539731626,61.9811043739319,1634096556.50655,40.1073276150588,0,8,1,0.52086774040671,0.607680539731626,0.0277368308747599,0.0325402077301589,0.0277368308747599,0.0135172038925054
567.929260253906,422.69091796875,0.521993805380428,0.608619520399306,62.0020482540131,1634096556.53065,47.7466446582048,0,8,1,0.521993805380428,0.608235422770182,0.0750699581382082,0.0120947696680681,0.0733605156695717,0.0204669346677295
570.451232910156,423.105743408203,0.524311794954188,0.608235422770182,62.0269823074341,1634096556.5503,40.105793595395,0,8,1,0.524233369266286,0.608619520399306,0.0458264387628173,0.00401849810078097,0.0458264387628173,0.00144145550580384
570.365905761719,422.478820800781,0.524233369266286,0.608815906665943,62.0509188175201,1634096556.57838,41.7771845772284,0,8,1,0.524233369266286,0.608305867513021,-0.0520422714817873,0.00160532597318514,-0.0502550722007589,-0.00714766077107163
567.966552734375,423.029663085938,0.52202808155733,0.608305867513021,62.070864200592,1634096556.60252,50.1369162174116,0,8,1,0.52202808155733,0.608305867513021,-0.054697963716681,-0.0164016160785761,-0.0493730402624777,0
567.695068359375,423.273803710938,0.521778555477367,0.608079811378762,62.0957982540131,1634096556.6268,40.105793595395,0,8,1,0.52201753504136,0.608305867513021,-0.000211494263226603,0.0119676753767897,-0.000211494263226603,0.000414788748842177
567.955078125,422.385131835938,0.52201753504136,0.608902655707465,62.1207308769226,1634096556.64656,40.1080946688979,0,8,1,0.52201753504136,0.608326551649305,0.00762176267643031,0.0056227959235047,0.00217582020719627,0.0118070987235143
568.058959960938,423.00732421875,0.522113014669979,0.608326551649305,62.1396803855896,1634096556.67051,52.7718168092602,0,8,1,0.522113014669979,0.608823988172743,0.0111919630138134,-0.00171469617495707,0.0111919630138134,0.00678425947098858
568.513732910156,422.470092773438,0.522531004513011,0.608823988172743,62.166609287262,1634096556.69045,37.1348231044374,0,8,1,0.522531004513011,0.608637802689164,0.0365935132789582,0.00611928190103956,0.0305594823814311,-0.00154107017642673
570.084045410156,422.671173095703,0.523974306443158,0.608637802689164,62.1905443668365,1634096556.71856,41.7796814455479,0,8,1,0.523667391608743,0.608745603208189,0.0253211550457027,-0.00174658604288657,0.0321598794004909,0.000814108058191366
569.750122070312,422.554748535156,0.523667391608743,0.608745603208189,62.2114882469177,1634096556.74238,47.7466446582048,0,8,1,0.523974306443158,0.608674339011863,0.0212629384743214,0.000718310886103412,0.022808110775927,0
571.2607421875,422.631713867188,0.525055829216452,0.608674339011863,62.2414085865021,1634096556.76243,33.4220805609785,0,8,1,0.524827508365407,0.608745603208189,0.0237389064663369,0.0653833665351398,0.0174586570815593,0.0589611921959159
571.012329101562,419.103851318359,0.524827508365407,0.611940878408927,62.2603580951691,1634096556.79039,52.7718168092602,0,8,1,0.524827508365407,0.611555763527199,-0.0107997821634709,0.0656624634370835,0,0.0640384810420115
570.7451171875,419.519775390625,0.524581909179688,0.611555763527199,62.2852909564972,1634096556.81048,40.1077111383109,0,8,1,0.524827508365407,0.611555763527199,0.0728986307272647,-0.0174499913815147,0.0690330118467654,-0.00923408187314294
574.730102539062,419.987243652344,0.528244579539579,0.611122922544126,62.3072323799133,1634096556.83844,45.5758945549772,0,8,1,0.528063381419462,0.611122922544126,0.0758863392361866,-0.0396507096212163,0.0705329651921034,-0.0396507096212163
574.532958984375,421.484375,0.528063381419462,0.609736689814815,62.3311684131622,1634096556.85843,41.7780168335076,0,8,1,0.528063381419462,0.609736689814815,-0.0133795494507454,-0.0284745105943401,-0.0098171106801644,-0.0284745105943401
573.989685058594,421.551422119141,0.52756404876709,0.609674609148944,62.3580958843231,1634096556.88246,37.1367958775301,0,8,1,0.52756404876709,0.609674609148944,-0.369339058970937,-0.103743297895126,-0.369339058970937,-0.103743297895126
554.494201660156,427.071655273438,0.509645405937644,0.604563282154225,62.3810358047485,1634096556.91028,43.5921302888263,0,8,1,0.509645405937644,0.604563282154225,-0.50256713126997,-0.13685387050844,-0.50256713126997,-0.13685387050844
546.722412109375,428.921966552734,0.502502217012293,0.60285003096969,62.407963514328,1634096556.93041,37.1364670674588,0,8,1,0.502502217012293,0.60285003096969,-0.19204723176257,-0.119702948157613,-0.178287109646463,-0.103733147780117
543.866455078125,433.647216796875,0.49987725650563,0.598474799262153,62.4318990707397,1634096556.9585,43.5953019436649,0,8,1,0.500577141256893,0.59928707546658,-0.0410680738988228,-0.0760093307961977,-0.0410680738988228,-0.0760093307961977
544.6279296875,432.769958496094,0.500577141256893,0.59928707546658,62.4548387527466,1634096556.98252,41.7763523541071,0,8,1,0.500577141256893,0.59928707546658,0.034634148679929,0.0315016948435881,0,0
545.52001953125,432.154266357422,0.501397076775046,0.599857160780165,62.4757812023163,1634096557.00664,47.7499060781657,0,8,1,0.500577141256893,0.59928707546658,-0.0350688567176668,-0.012054182322807,-0.0350688567176668,-0.012054182322807
542.953674316406,433.341217041016,0.499038303599638,0.59875813236943,62.4987192153931,1634096557.02643,43.595755074889,0,8,1,0.499038303599638,0.59875813236943,-0.456389782475497,-0.0617705922067842,-0.438897824754901,-0.0365590036651303
522.244140625,435.281402587891,0.480003805721507,0.596961664270472,62.5226562023163,1634096557.05453,41.7763523541071,0,8,1,0.480003805721507,0.597573372169777,-0.521532121580948,-0.0232923870801054,-0.485235802001296,-0.035318565183272
514.091674804688,434.620758056641,0.472510730519014,0.597573372169777,62.5495839118958,1634096557.07466,37.1364670674588,0,8,1,0.474356931798598,0.596961664270472,-0.115550369474741,-0.00581048524729943,-0.122334620255542,-0.0183276894102171
516.100341796875,435.588073730469,0.474356931798598,0.596677709508825,62.5715255737305,1634096557.09838,45.5753993263066,0,8,1,0.474025389727424,0.596677709508825,0.0330149832999938,-0.0203086439000882,0,-0.00697526437293465
515.739624023438,435.627014160156,0.474025389727424,0.596641653555411,62.5954618453979,1634096557.12246,41.7776007012232,0,8,1,0.474356931798598,0.596641653555411,0.0111980768360849,-0.00853159892801787,0.0184246147375079,-0.00251784409598552
516.659301757812,436.010803222656,0.474870681762695,0.596286293312355,62.6174039840698,1634096557.14639,45.5744089012517,0,8,1,0.474870681762695,0.596562194824219,0.0248387301849399,-0.00165983890427751,0.0179130415930864,-0.00165983890427751
517.033325195312,435.712829589844,0.475214453304515,0.596562194824219,62.64333319664,1634096557.16642,38.5665394694497,0,8,1,0.475214453304515,0.596562194824219,0.0439255580156543,0.015002901171766,0.0439255580156543,0.0091167627444193
518.8994140625,435.251312255859,0.476929608513327,0.596989525689019,62.6642770767212,1634096557.19426,47.7466446582048,0,8,1,0.476929608513327,0.596989525689019,0.0809434264282726,0.0156258412477653,0.0809434264282726,0.0156258412477653
521.161376953125,434.921783447266,0.479008618523093,0.597294644956236,62.6902074813843,1634096557.21863,38.5647664582567,0,8,1,0.479008618523093,0.597294644956236,0.0763282400967464,0.0100834017791834,0.0684958474581752,0.00588321026702445
523.206359863281,434.6865234375,0.480888198403751,0.597512478298611,62.716139793396,1634096557.24279,38.5619299794057,0,8,1,0.480481989243451,0.597294644956236,0.0321145186322493,-0.0317617483928627,0.0409685100050903,-0.0249461128809065
522.764404296875,436.495544433594,0.480481989243451,0.595837458857783,62.7360861301422,1634096557.26645,50.1345190710128,0,8,1,0.480888198403751,0.596150151005498,0.00979011931707817,-0.0303560736683619,0.0188414796305417,-0.0255021996969675
523.684387207031,436.157836914062,0.481327561771168,0.596150151005498,62.761018037796,1634096557.28662,40.1092453046705,0,8,1,0.481327561771168,0.596150151005498,0.0320521185830263,0.00881556280882181,0.0239060587515095,0.00254487964094445
524.503356933594,436.020782470703,0.482080291299259,0.596277053267867,62.7859518527985,1634096557.31455,40.1061770893096,0,8,1,0.482080291299259,0.596277053267867,0.0704348605602612,0.00440462147545606,0.0704348605602612,0.00440462147545606
527.964477539062,435.892150878906,0.485261468326344,0.596396156593605,62.8168697357178,1634096557.33875,32.343741083753,0,8,1,0.485261468326344,0.596396156593605,0.105129560437314,0.00394767291772506,0.105129560437314,0.00234160446780408
530.321228027344,435.803924560547,0.487427599289838,0.596477847629123,62.8368158340454,1634096557.36632,50.1351183361224,0,8,1,0.487427599289838,0.596396156593605,0.048877080453186,-0.0124629582592521,0.048877080453186,-0.0124629582592521
530.510192871094,436.536499023438,0.487601280212402,0.595799537941262,62.8647410869598,1634096557.38624,35.8098815815312,0,8,1,0.487601280212402,0.595799537941262,0.00971453021328443,-0.0156846334628667,0.00971453021328443,-0.0122079607378157
530.837768554688,436.631774902344,0.487902360803941,0.595711319534867,62.8856871128082,1634096557.4144,47.741753363535,0,8,1,0.487902360803941,0.595799537941262,0.0687409291077711,0.00214998235389968,0.0687409291077711,-0.00205707781455471
533.717590332031,436.436920166016,0.490549255819882,0.595891740587023,62.9076263904572,1634096557.4387,45.5803520973701,0,8,1,0.490549255819882,0.595711319534867,0.116009946890362,-0.00224778128994406,0.0552926645197075,-0.00288115033512743
536.879943847656,436.747985839844,0.493455830742331,0.595603716814959,62.9335577487946,1634096557.45842,38.5633481666728,0,8,1,0.490549255819882,0.595661615442347,-0.0191780765734786,-0.00480701426252939,0.00371937034364978,-0.00134518486054547
532.718688964844,436.685455322266,0.489631147945628,0.595661615442347,62.9554991722107,1634096557.48638,45.5758945549772,0,8,1,0.490727312424604,0.59564692179362,-0.0569966098279076,0.000902518152567356,0.00371946296298818,-0.000306938809242508
533.911315917969,436.701324462891,0.490727312424604,0.59564692179362,62.9814293384552,1634096557.50658,38.5651210474535,0,8,1,0.490727312424604,0.59564692179362,0.0502701970357963,-0.00545241523723021,0.0291336306406838,-0.0051690879739766
535.55517578125,436.990844726562,0.492238213034237,0.595378847475405,63.0073602199554,1634096557.53448,40.105793595395,0,8,1,0.492238213034237,0.595378847475405,0.0353348981483721,-0.0315716078650479,0.0353348981483721,-0.0315716078650479
535.751708984375,438.333618164062,0.492418850169462,0.594135538736979,63.0293009281158,1634096557.55842,43.5966613655971,0,8,1,0.492418850169462,0.594135538736979,0.0584309584940575,-0.0271357518045285,0.0520045139795669,-0.0271357518045285
538.598510742188,438.393798828125,0.495035395902746,0.594079815899884,63.0552318096161,1634096557.58255,38.5640572994244,0,8,1,0.494727751787971,0.594079815899884,0.0492570689302819,-0.00547181974401442,0.0492570689302819,-0.00280493304712874
538.263793945312,438.610626220703,0.494727751787971,0.593879049795645,63.0761754512787,1634096557.60647,47.7471881972588,0,8,1,0.494727751787971,0.594004058837891,-0.0109454583922146,-0.00172635731401479,0,-0.00457507225519356
538.075927734375,438.475616455078,0.494555080638212,0.594004058837891,63.0991144180298,1634096557.62659,45.5739137048667,0,8,1,0.494727751787971,0.593879049795645,0.0314842299138832,-0.00185453688065508,0.0229002896468669,0
539.835327148438,438.702514648438,0.496172175687902,0.593793967918113,63.1220531463623,1634096557.65442,41.779265280102,0,8,1,0.495778364293716,0.594004058837891,0.0255530553132998,0.00964304693455005,0.0301724327344027,0.00718993418069273
539.406860351562,437.97705078125,0.495778364293716,0.594465693721065,63.1469867229462,1634096557.67479,40.1065605905583,0,8,1,0.496172175687902,0.594223248517072,0.0460514024658964,0.00878424638042678,0.054109852631914,0.00448521584865897
542.283874511719,438.238891601562,0.498422678779153,0.594223248517072,63.1709225177765,1634096557.69842,41.7784329740821,0,8,1,0.498422678779153,0.594223248517072,0.0599826107874605,-0.0158029915819784,0.0484947201061239,-0.0106048532485231
542.465942382812,438.777069091797,0.498590020572438,0.593724936026114,63.193861246109,1634096557.72229,43.5943957094749,0,8,1,0.49844534256879,0.593726151077836,0.00047341466144244,-0.0103836657359192,0.00349553449277824,-0.0103836657359192
542.308532714844,438.775756835938,0.49844534256879,0.593726151077836,63.2187955379486,1634096557.74646,40.1054101088141,0,8,1,0.498590020572438,0.593726151077836,0.0133028145144049,0.0129763638003629,0.0121708096852111,0.0129509824483075
543.158813476562,438.106170654297,0.499226850621841,0.594346138283058,63.2417330741882,1634096557.7663,43.5966613655971,0,8,1,0.499027981477625,0.594346138283058,0.0121711127673712,0.0139541884700931,0.0133031457861824,0.0129513049586282
542.942443847656,438.054321289062,0.499027981477625,0.594394146954572,63.2666661739349,1634096557.79442,40.1073276150588,0,8,1,0.499226850621841,0.594346138283058,0.00883670181410104,-0.0079562032980265,0.0129060845019595,-0.0079562032980265
543.628662109375,438.526092529297,0.499658696791705,0.593957321732133,63.290602684021,1634096557.81841,41.7771845772284,0,8,1,0.499658696791705,0.593957321732133,0.0138232739991629,-0.0375294572138791,0.00918911379862448,-0.033015930837086
543.677429199219,440.035095214844,0.499703519484576,0.592560097023293,63.3155357837677,1634096557.84265,40.1073276150588,0,8,1,0.499675919027889,0.592732662624783,0.000325817162966628,-0.0231685915635464,0.000325817162966628,-0.0232343446037434
543.647399902344,439.848724365234,0.499675919027889,0.592732662624783,63.3434612751007,1634096557.86242,35.8095758486442,0,8,1,0.499675919027889,0.592729187011719,-0.000742476310359964,0.00339082514482109,0,0
543.637145996094,439.852478027344,0.499666494481704,0.592729187011719,63.3654026985168,1634096557.89483,45.5758945549772,0,8,1,0.499675919027889,0.592732662624783,0.00589322182813375,0.0260335937688877,0.00166402366195877,0.0253158327435293
543.954345703125,438.502746582031,0.499958038330078,0.593978938349971,63.3913331031799,1634096557.91845,38.5647664582567,0,8,1,0.499755578882554,0.593941102204499,0.00175141585648335,0.0238264776447509,0.00156612752911046,0.0245020120898639
543.734069824219,438.543609619141,0.499755578882554,0.593941102204499,63.4162669181824,1634096557.94273,40.1061770893096,0,8,1,0.499755578882554,0.593978938349971,-0.0215214474057226,0.00434646538894455,-0.0173785573007919,0
542.81005859375,438.273345947266,0.49890630385455,0.594191346345124,63.4402022361755,1634096557.97044,41.779265280102,0,8,1,0.49890630385455,0.593941102204499,-0.0674735449412533,-0.024618473710069,-0.0657836493430485,-0.0254431956589819
540.366149902344,439.763397216797,0.496660064248478,0.592811669243707,63.4621443748474,1634096557.99492,45.5744089012517,0,8,1,0.496737592360553,0.592811669243707,-0.0530374173155226,-0.0360649945947196,-0.0530374173155226,-0.0299450920840208
540.450500488281,439.866027832031,0.496737592360553,0.592716640896267,63.4810924530029,1634096558.01428,52.7758008908574,0,8,1,0.496737592360553,0.592716640896267,0.0444576004004602,-0.0207544112686325,0.0425142063231697,-0.00461681350974334
542.295776367188,440.657592773438,0.498433617984547,0.591983710394965,63.502037525177,1634096558.03455,47.7439271485487,0,8,1,0.498433617984547,0.592627490008319,0.0960790563377901,-0.00212825520172842,0.0838266095982352,-0.00212825520172842
544.829345703125,439.962310791016,0.500762266271255,0.592627490008319,63.5229816436768,1634096558.05442,47.7461011315256,0,8,1,0.50024902119356,0.592627490008319,0.0433394592846667,0.0255526063541521,0.0555922547173202,0.0101835356139798
544.270935058594,439.501617431641,0.50024902119356,0.593054057933666,63.5439255237579,1634096558.07442,47.7466446582048,0,8,1,0.500762266271255,0.593054057933666,0.0667664876388058,0.012884393453249,0.0784624800451965,0.0097207658338847
548.017028808594,439.351684570312,0.503692122066722,0.593192884657118,63.5668637752533,1634096558.09839,43.5953019436649,0,8,1,0.503692122066722,0.593054057933666,0.0941168800412444,-0.00558017527792108,0.0667650366585525,-0.00558017527792108
548.764526367188,439.766082763672,0.504379160263959,0.59280918262623,63.5878086090088,1634096558.11847,47.7444706257328,0,8,1,0.503692122066722,0.59280918262623,-0.0619321356387312,-0.0242622852767165,-0.00191866126190281,-0.00545611802490406
544.992858886719,440.527709960938,0.500912554123822,0.592103972258391,63.6117446422577,1634096558.1383,41.7780168335076,0,8,1,0.5036060108858,0.59280918262623,-0.0152006165393019,0.0526073667827578,-0.00169300147929728,0.0526073667827578
547.92333984375,436.876251220703,0.5036060108858,0.595484952573423,63.6386716365814,1634096558.16266,37.1374535151408,0,8,1,0.5036060108858,0.595484952573423,0.231707368155453,0.179217317884678,0.17424637270973,0.161531711665626
556.809814453125,431.454925537109,0.511773726519416,0.600504698576751,63.6586191654205,1634096558.19052,50.1315229603423,0,8,1,0.511773726519416,0.600380904586227,0.222056898346754,0.116882640509347,0.222056898346754,0.11978674559342
558.043334960938,431.588623046875,0.512907476986156,0.600380904586227,63.6805593967438,1634096558.21043,45.5783708597757,0,8,1,0.512907476986156,0.600502551043475,0.0470419484112764,-4.89397363208491e-05,0.0405475847965959,0.00277217848433663
559.055725097656,431.457244873047,0.513837982626522,0.600502551043475,63.7025003433228,1634096558.23462,45.5768850446065,0,8,1,0.513553002301384,0.600502551043475,0.0150521156777443,0.00757982975611089,0.0150521156777443,0.00422609770997424
558.745666503906,431.237548828125,0.513553002301384,0.600705973307292,63.7234454154968,1634096558.25488,47.7439271485487,0,8,1,0.513553002301384,0.600683791549117,-0.0124545802256479,0.00454303988439489,0,0.00509905583534496
558.51513671875,431.261505126953,0.513341118307675,0.600683791549117,63.7423944473267,1634096558.27485,52.7731447696218,0,8,1,0.513553002301384,0.600705973307292,0.0255691006552142,0.0037864673256345,0.00827393169117395,0
559.910949707031,431.066253662109,0.514624034657198,0.600864579942491,63.7653331756592,1634096558.29457,43.5943957094749,0,8,1,0.513899578767664,0.600683791549117,0.0124435050184797,-0.000391621919557494,0.00772234796627732,-0.000885871448297939
559.122741699219,431.280487060547,0.513899578767664,0.600666215684679,63.7872741222382,1634096558.31441,45.5768850446065,0,8,1,0.513899578767664,0.600666215684679,-0.0455643064518132,-0.00501308184772931,-0.0160310251082455,-0.000383110567534641
557.636657714844,431.314636230469,0.512533692752614,0.600634596082899,63.8112099170685,1634096558.33442,41.7784329740821,0,8,1,0.513164127574247,0.600666215684679,-0.016759605132977,0.0270481286693873,-0.0173374343869763,0.0239102752946393
558.322570800781,429.998596191406,0.513164127574247,0.601853151674624,63.8311564922333,1634096558.36252,50.133919820229,0,8,1,0.513138771057129,0.601715455231843,0.0144451471785287,0.0258035519853384,-0.000605340860796229,0.0250486913366747
558.294982910156,430.147308349609,0.513138771057129,0.601715455231843,63.8530979156494,1634096558.38239,45.5758945549772,0,8,1,0.513138771057129,0.601715455231843,-0.0255402493961218,-0.013319378173269,0,0
557.158569335938,430.601165771484,0.512094273286707,0.601295216878255,63.8730454444885,1634096558.40262,50.1315229603423,0,8,1,0.513138771057129,0.601715455231843,0.0101990595434915,0.0225671646019675,0.0101990595434915,0.0152461698646626
558.737670898438,429.174987792969,0.513545653399299,0.602615752043547,63.8929920196533,1634096558.42234,50.133919820229,0,8,1,0.513545653399299,0.602323687518085,0.0393949517115196,0.0251519977057387,0.00995060368321081,0.0148747630468518
558.911193847656,429.490417480469,0.513705141404096,0.602323687518085,63.9139356613159,1634096558.44234,47.7471881972588,0,8,1,0.513545653399299,0.602323687518085,-0.266420965399855,-0.0173129670779556,-0.266420965399855,-0.0106574522299875
546.017456054688,429.995513916016,0.501854279462029,0.601856005633319,63.9368751049042,1634096558.46237,43.5930364288313,0,8,1,0.501854279462029,0.601856005633319,-0.334797351454973,-0.0430086962988674,-0.321519003954885,-0.0430086962988674
542.563171386719,431.575073242188,0.498679385465734,0.600393450701678,63.9588158130646,1634096558.49038,45.5773803055658,0,8,1,0.499115831711713,0.600393450701678,-0.062405637281547,-0.0532345528759743,-0.062405637281547,-0.0532345528759743
543.038024902344,432.518402099609,0.499115831711713,0.599519998055917,63.980756521225,1634096558.51042,45.5773803055658,0,8,1,0.499115831711713,0.599519998055917,0.0125892745894931,-0.0518232308351301,0.00241215942881756,-0.0518232308351301
543.150573730469,433.975311279297,0.499219277325798,0.598171008074725,64.0017008781433,1634096558.53447,47.7455576172208,0,8,1,0.499219277325798,0.598171008074725,0.0146037678218212,-0.065221984811965,0.0146037678218212,-0.0430921322884259
543.719421386719,435.539215087891,0.499742115245146,0.596722948992694,64.0236415863037,1634096558.55449,45.5773803055658,0,8,1,0.499742115245146,0.597671989158348,0.0169504974362316,-0.0119129004071435,0.0169504974362316,-0.0119129004071435
543.923095703125,434.514251708984,0.499929315903608,0.597671989158348,64.0435898303986,1634096558.57463,50.1297254658237,0,8,1,0.499929315903608,0.597671989158348,0.0171288085735114,0.0270647178970152,0.0171288085735114,0.00440836298838539
544.500061035156,434.314819335938,0.500459614922019,0.597856648763021,64.0655300617218,1634096558.5943,45.5783708597757,0,8,1,0.500459614922019,0.597856648763021,0.0257176345009029,0.0196880744826142,0.0257176345009029,0.0123603945521892
545.123046875,433.602386474609,0.501032212201287,0.598516308819806,64.0864746570587,1634096558.6184,47.74501411529,0,8,1,0.501032212201287,0.598202062536169,0.0210571299319676,0.0084470988471251,0.0210571299319676,0.0128696636885436
545.436889648438,433.941772460938,0.501320670632755,0.598202062536169,64.1064214706421,1634096558.63436,50.1333205837706,0,8,1,0.501320670632755,0.598382907443576,0.0124515886961293,-0.00304000959460985,0.00657351838557506,0
545.717529296875,433.746459960938,0.501578611486098,0.598382907443576,64.1303565502167,1634096558.65854,41.7796814455479,1,8,1,0.501320670632755,0.598202062536169,0.0107766866844554,0.00755564262250942,0,-0.00755564262250942
